ZIP Code,NAME,Dominant Tapestry Segment Number per Zip,Dominant Tapestry Segment Code per Zip,Dominant Tapestry Segment Name per Zip,Dominant Lifemode Code,Dominant Lifemode Group Name
90001,Los Angeles,61,13B,Las Casas,13,Next Wave
90002,Los Angeles,61,13B,Las Casas,13,Next Wave
90003,Los Angeles,61,13B,Las Casas,13,Next Wave
90004,Los Angeles,60,13A,International Marketplace,13,Next Wave
90005,Los Angeles,62,13C,NeWest Residents,13,Next Wave
90006,Los Angeles,60,13A,International Marketplace,13,Next Wave
90007,Los Angeles,67,14C,Dorms to Diplomas,13,Next Wave
90008,Los Angeles,51,11A,City Strivers,13,Next Wave
90010,Los Angeles,12,3C,Trendsetters,3,Uptown Individuals
90011,Los Angeles,61,13B,Las Casas,13,Next Wave
90012,Los Angeles,11,3B,Metro Renters,3,Uptown Individuals
90013,Los Angeles,45,9F,Social Security Set,9,Senior Styles
90014,Los Angeles,45,9F,Social Security Set,9,Senior Styles
90015,Los Angeles,62,13C,NeWest Residents,13,Next Wave
90016,Los Angeles,60,13A,International Marketplace,13,Next Wave
90017,Los Angeles,62,13C,NeWest Residents,13,Next Wave
90018,Los Angeles,60,13A,International Marketplace,13,Next Wave
90019,Los Angeles,60,13A,International Marketplace,13,Next Wave
90020,Los Angeles,12,3C,Trendsetters,13,Next Wave
90021,Los Angeles,12,3C,Trendsetters,3,Uptown Individuals
90022,Los Angeles,61,13B,Las Casas,13,Next Wave
90023,Los Angeles,61,13B,Las Casas,13,Next Wave
90024,Los Angeles,67,14C,Dorms to Diplomas,14,Scholars and Patriots
90025,Los Angeles,11,3B,Metro Renters,3,Uptown Individuals
90026,Los Angeles,60,13A,International Marketplace,13,Next Wave
90027,Los Angeles,12,3C,Trendsetters,3,Uptown Individuals
90028,Los Angeles,12,3C,Trendsetters,3,Uptown Individuals
90029,Los Angeles,60,13A,International Marketplace,13,Next Wave
90031,Los Angeles,61,13B,Las Casas,13,Next Wave
90032,Los Angeles,61,13B,Las Casas,7,Ethnic Enclaves
90033,Los Angeles,61,13B,Las Casas,13,Next Wave
90034,Los Angeles,12,3C,Trendsetters,3,Uptown Individuals
90035,Los Angeles,12,3C,Trendsetters,3,Uptown Individuals
90036,Los Angeles,11,3B,Metro Renters,3,Uptown Individuals
90037,Los Angeles,61,13B,Las Casas,13,Next Wave
90038,Los Angeles,60,13A,International Marketplace,13,Next Wave
90039,Los Angeles,12,3C,Trendsetters,3,Uptown Individuals
90040,Los Angeles,61,13B,Las Casas,13,Next Wave
90041,Los Angeles,33,8A,City Lights,8,Middle Ground
90042,Los Angeles,60,13A,International Marketplace,13,Next Wave
90043,Los Angeles,56,12A,Family Foundations,12,Hometown
90044,Los Angeles,61,13B,Las Casas,13,Next Wave
90045,Los Angeles,6,2A,Urban Chic,2,Upscale Avenues
90046,Los Angeles,12,3C,Trendsetters,3,Uptown Individuals
90047,Los Angeles,56,12A,Family Foundations,12,Hometown
90048,Los Angeles,10,3A,Laptops and Lattes,3,Uptown Individuals
90049,Los Angeles,1,1A,Top Tier,1,Affluent Estates
90056,Los Angeles,5,1E,Exurbanites,1,Affluent Estates
90057,Los Angeles,62,13C,NeWest Residents,13,Next Wave
90058,Los Angeles,61,13B,Las Casas,13,Next Wave
90059,Los Angeles,61,13B,Las Casas,13,Next Wave
90061,Los Angeles,61,13B,Las Casas,13,Next Wave
90062,Los Angeles,51,11A,City Strivers,13,Next Wave
90063,Los Angeles,61,13B,Las Casas,13,Next Wave
90064,Los Angeles,6,2A,Urban Chic,2,Upscale Avenues
90065,Los Angeles,33,8A,City Lights,13,Next Wave
90066,Los Angeles,12,3C,Trendsetters,3,Uptown Individuals
90067,Los Angeles,41,9B,Golden Years,9,Senior Styles
90068,Los Angeles,10,3A,Laptops and Lattes,3,Uptown Individuals
90069,West Hollywood,12,3C,Trendsetters,3,Uptown Individuals
90071,Los Angeles,68,15,Unclassified,#N/A,#N/A
90077,Los Angeles,1,1A,Top Tier,1,Affluent Estates
90089,Los Angeles,67,14C,Dorms to Diplomas,14,Scholars and Patriots
90094,Playa Vista,10,3A,Laptops and Lattes,3,Uptown Individuals
90201,Bell Gardens,61,13B,Las Casas,13,Next Wave
90210,Beverly Hills,1,1A,Top Tier,1,Affluent Estates
90211,Beverly Hills,33,8A,City Lights,8,Middle Ground
90212,Beverly Hills,6,2A,Urban Chic,2,Upscale Avenues
90220,Compton,61,13B,Las Casas,13,Next Wave
90221,Compton,61,13B,Las Casas,13,Next Wave
90222,Compton,61,13B,Las Casas,13,Next Wave
90230,Culver City,33,8A,City Lights,2,Upscale Avenues
90232,Culver City,12,3C,Trendsetters,3,Uptown Individuals
90240,Downey,28,7B,Urban Villages,7,Ethnic Enclaves
90241,Downey,28,7B,Urban Villages,7,Ethnic Enclaves
90242,Downey,28,7B,Urban Villages,7,Ethnic Enclaves
90245,El Segundo,6,2A,Urban Chic,2,Upscale Avenues
90247,Gardena,60,13A,International Marketplace,13,Next Wave
90248,Gardena,28,7B,Urban Villages,5,GenXurban
90249,Gardena,56,12A,Family Foundations,2,Upscale Avenues
90250,Hawthorne,60,13A,International Marketplace,13,Next Wave
90254,Hermosa Beach,10,3A,Laptops and Lattes,3,Uptown Individuals
90255,Huntington Park,61,13B,Las Casas,13,Next Wave
90260,Lawndale,60,13A,International Marketplace,13,Next Wave
90262,Lynwood,61,13B,Las Casas,13,Next Wave
90263,Malibu,68,15,Unclassified,#N/A,#N/A
90265,Malibu,1,1A,Top Tier,1,Affluent Estates
90266,Manhattan Beach,1,1A,Top Tier,1,Affluent Estates
90270,Maywood,61,13B,Las Casas,13,Next Wave
90272,Pacific Palisades,1,1A,Top Tier,1,Affluent Estates
90274,Palos Verdes Peninsula,1,1A,Top Tier,1,Affluent Estates
90275,Rancho Palos Verdes,1,1A,Top Tier,1,Affluent Estates
90277,Redondo Beach,6,2A,Urban Chic,2,Upscale Avenues
90278,Redondo Beach,6,2A,Urban Chic,2,Upscale Avenues
90280,South Gate,61,13B,Las Casas,13,Next Wave
90290,Topanga,6,2A,Urban Chic,2,Upscale Avenues
90291,Venice,12,3C,Trendsetters,3,Uptown Individuals
90292,Marina Del Rey,10,3A,Laptops and Lattes,3,Uptown Individuals
90293,Playa Del Rey,10,3A,Laptops and Lattes,3,Uptown Individuals
90301,Inglewood,60,13A,International Marketplace,13,Next Wave
90302,Inglewood,51,11A,City Strivers,11,Midtown Singles
90303,Inglewood,61,13B,Las Casas,13,Next Wave
90304,Inglewood,61,13B,Las Casas,13,Next Wave
90305,Inglewood,56,12A,Family Foundations,12,Hometown
90401,Santa Monica,11,3B,Metro Renters,3,Uptown Individuals
90402,Santa Monica,1,1A,Top Tier,1,Affluent Estates
90403,Santa Monica,10,3A,Laptops and Lattes,3,Uptown Individuals
90404,Santa Monica,12,3C,Trendsetters,3,Uptown Individuals
90405,Santa Monica,10,3A,Laptops and Lattes,3,Uptown Individuals
90501,Torrance,8,2C,Pacific Heights,13,Next Wave
90502,Torrance,8,2C,Pacific Heights,2,Upscale Avenues
90503,Torrance,8,2C,Pacific Heights,2,Upscale Avenues
90504,Torrance,8,2C,Pacific Heights,2,Upscale Avenues
90505,Torrance,8,2C,Pacific Heights,2,Upscale Avenues
90601,Whittier,60,13A,International Marketplace,2,Upscale Avenues
90602,Whittier,60,13A,International Marketplace,13,Next Wave
90603,Whittier,7,2B,Pleasantville,2,Upscale Avenues
90604,Whittier,28,7B,Urban Villages,7,Ethnic Enclaves
90605,Whittier,28,7B,Urban Villages,7,Ethnic Enclaves
90606,Whittier,28,7B,Urban Villages,7,Ethnic Enclaves
90620,Buena Park,28,7B,Urban Villages,2,Upscale Avenues
90621,Buena Park,60,13A,International Marketplace,13,Next Wave
90623,La Palma,8,2C,Pacific Heights,2,Upscale Avenues
90630,Cypress,8,2C,Pacific Heights,2,Upscale Avenues
90631,La Habra,7,2B,Pleasantville,7,Ethnic Enclaves
90638,La Mirada,7,2B,Pleasantville,2,Upscale Avenues
90640,Montebello,28,7B,Urban Villages,13,Next Wave
90650,Norwalk,28,7B,Urban Villages,7,Ethnic Enclaves
90660,Pico Rivera,28,7B,Urban Villages,7,Ethnic Enclaves
90670,Santa Fe Springs,28,7B,Urban Villages,7,Ethnic Enclaves
90680,Stanton,28,7B,Urban Villages,7,Ethnic Enclaves
90701,Artesia,8,2C,Pacific Heights,2,Upscale Avenues
90703,Cerritos,8,2C,Pacific Heights,2,Upscale Avenues
90704,Avalon,60,13A,International Marketplace,13,Next Wave
90706,Bellflower,60,13A,International Marketplace,13,Next Wave
90710,Harbor City,60,13A,International Marketplace,13,Next Wave
90712,Lakewood,7,2B,Pleasantville,2,Upscale Avenues
90713,Lakewood,7,2B,Pleasantville,2,Upscale Avenues
90715,Lakewood,33,8A,City Lights,7,Ethnic Enclaves
90716,Hawaiian Gardens,61,13B,Las Casas,13,Next Wave
90717,Lomita,33,8A,City Lights,8,Middle Ground
90720,Los Alamitos,1,1A,Top Tier,1,Affluent Estates
90723,Paramount,61,13B,Las Casas,13,Next Wave
90731,San Pedro,60,13A,International Marketplace,13,Next Wave
90732,San Pedro,7,2B,Pleasantville,2,Upscale Avenues
90740,Seal Beach,42,9C,The Elders,9,Senior Styles
90742,Sunset Beach,6,2A,Urban Chic,2,Upscale Avenues
90743,Surfside,6,2A,Urban Chic,2,Upscale Avenues
90744,Wilmington,61,13B,Las Casas,13,Next Wave
90745,Carson,8,2C,Pacific Heights,2,Upscale Avenues
90746,Carson,7,2B,Pleasantville,2,Upscale Avenues
90747,Carson,7,2B,Pleasantville,2,Upscale Avenues
90755,Signal Hill,33,8A,City Lights,8,Middle Ground
90802,Long Beach,53,11C,Metro Fusion,11,Midtown Singles
90803,Long Beach,10,3A,Laptops and Lattes,3,Uptown Individuals
90804,Long Beach,53,11C,Metro Fusion,11,Midtown Singles
90805,Long Beach,28,7B,Urban Villages,13,Next Wave
90806,Long Beach,63,13D,Fresh Ambitions,13,Next Wave
90807,Long Beach,33,8A,City Lights,8,Middle Ground
90808,Long Beach,7,2B,Pleasantville,2,Upscale Avenues
90810,Long Beach,28,7B,Urban Villages,7,Ethnic Enclaves
90813,Long Beach,63,13D,Fresh Ambitions,13,Next Wave
90814,Long Beach,12,3C,Trendsetters,3,Uptown Individuals
90815,Long Beach,7,2B,Pleasantville,2,Upscale Avenues
91001,Altadena,7,2B,Pleasantville,2,Upscale Avenues
91006,Arcadia,8,2C,Pacific Heights,2,Upscale Avenues
91007,Arcadia,8,2C,Pacific Heights,2,Upscale Avenues
91008,Duarte,5,1E,Exurbanites,1,Affluent Estates
91010,Duarte,28,7B,Urban Villages,7,Ethnic Enclaves
91011,La Canada Flintridge,1,1A,Top Tier,1,Affluent Estates
91016,Monrovia,33,8A,City Lights,2,Upscale Avenues
91020,Montrose,33,8A,City Lights,8,Middle Ground
91023,Mount Wilson,6,2A,Urban Chic,1,Affluent Estates
91024,Sierra Madre,6,2A,Urban Chic,2,Upscale Avenues
91030,South Pasadena,33,8A,City Lights,2,Upscale Avenues
91040,Sunland,7,2B,Pleasantville,2,Upscale Avenues
91042,Tujunga,7,2B,Pleasantville,2,Upscale Avenues
91101,Pasadena,11,3B,Metro Renters,3,Uptown Individuals
91103,Pasadena,60,13A,International Marketplace,13,Next Wave
91104,Pasadena,33,8A,City Lights,8,Middle Ground
91105,Pasadena,6,2A,Urban Chic,2,Upscale Avenues
91106,Pasadena,11,3B,Metro Renters,3,Uptown Individuals
91107,Pasadena,12,3C,Trendsetters,2,Upscale Avenues
91108,San Marino,1,1A,Top Tier,1,Affluent Estates
91201,Glendale,36,8D,Downtown Melting Pot,8,Middle Ground
91202,Glendale,33,8A,City Lights,8,Middle Ground
91203,Glendale,36,8D,Downtown Melting Pot,8,Middle Ground
91204,Glendale,60,13A,International Marketplace,13,Next Wave
91205,Glendale,36,8D,Downtown Melting Pot,8,Middle Ground
91206,Glendale,36,8D,Downtown Melting Pot,8,Middle Ground
91207,Glendale,1,1A,Top Tier,1,Affluent Estates
91208,Glendale,1,1A,Top Tier,1,Affluent Estates
91210,Glendale,36,8D,Downtown Melting Pot,8,Middle Ground
91214,La Crescenta,8,2C,Pacific Heights,1,Affluent Estates
91301,Agoura Hills,4,1D,Savvy Suburbanites,1,Affluent Estates
91302,Calabasas,1,1A,Top Tier,1,Affluent Estates
91303,Canoga Park,60,13A,International Marketplace,13,Next Wave
91304,Canoga Park,60,13A,International Marketplace,13,Next Wave
91306,Winnetka,60,13A,International Marketplace,13,Next Wave
91307,West Hills,7,2B,Pleasantville,2,Upscale Avenues
91311,Chatsworth,7,2B,Pleasantville,2,Upscale Avenues
91316,Encino,38,8F,Old and Newcomers,8,Middle Ground
91320,Newbury Park,7,2B,Pleasantville,1,Affluent Estates
91321,Newhall,62,13C,NeWest Residents,13,Next Wave
91324,Northridge,33,8A,City Lights,2,Upscale Avenues
91325,Northridge,60,13A,International Marketplace,13,Next Wave
91330,Northridge,67,14C,Dorms to Diplomas,14,Scholars and Patriots
91331,Pacoima,28,7B,Urban Villages,7,Ethnic Enclaves
91335,Reseda,28,7B,Urban Villages,7,Ethnic Enclaves
91342,Sylmar,28,7B,Urban Villages,7,Ethnic Enclaves
91343,North Hills,7,2B,Pleasantville,13,Next Wave
91344,Granada Hills,7,2B,Pleasantville,2,Upscale Avenues
91350,Santa Clarita,4,1D,Savvy Suburbanites,1,Affluent Estates
91351,Canyon Country,28,7B,Urban Villages,7,Ethnic Enclaves
91352,Sun Valley,61,13B,Las Casas,13,Next Wave
91354,Valencia,3,1C,Boomburbs,1,Affluent Estates
91355,Valencia,9,2D,Enterprising Professionals,2,Upscale Avenues
91356,Tarzana,1,1A,Top Tier,1,Affluent Estates
91360,Thousand Oaks,7,2B,Pleasantville,2,Upscale Avenues
91361,Westlake Village,5,1E,Exurbanites,1,Affluent Estates
91362,Thousand Oaks,1,1A,Top Tier,1,Affluent Estates
91364,Woodland Hills,6,2A,Urban Chic,2,Upscale Avenues
91367,Woodland Hills,5,1E,Exurbanites,2,Upscale Avenues
91377,Oak Park,4,1D,Savvy Suburbanites,1,Affluent Estates
91381,Stevenson Ranch,9,2D,Enterprising Professionals,1,Affluent Estates
91384,Castaic,68,15,Unclassified,1,Affluent Estates
91387,Canyon Country,33,8A,City Lights,1,Affluent Estates
91390,Santa Clarita,3,1C,Boomburbs,1,Affluent Estates
91401,Van Nuys,60,13A,International Marketplace,13,Next Wave
91402,Panorama City,61,13B,Las Casas,13,Next Wave
91403,Sherman Oaks,12,3C,Trendsetters,3,Uptown Individuals
91405,Van Nuys,60,13A,International Marketplace,13,Next Wave
91406,Van Nuys,60,13A,International Marketplace,13,Next Wave
91411,Van Nuys,60,13A,International Marketplace,13,Next Wave
91423,Sherman Oaks,12,3C,Trendsetters,3,Uptown Individuals
91436,Encino,1,1A,Top Tier,1,Affluent Estates
91501,Burbank,33,8A,City Lights,8,Middle Ground
91502,Burbank,60,13A,International Marketplace,13,Next Wave
91504,Burbank,7,2B,Pleasantville,8,Middle Ground
91505,Burbank,33,8A,City Lights,8,Middle Ground
91506,Burbank,7,2B,Pleasantville,2,Upscale Avenues
91601,North Hollywood,12,3C,Trendsetters,3,Uptown Individuals
91602,North Hollywood,12,3C,Trendsetters,3,Uptown Individuals
91604,Studio City,6,2A,Urban Chic,3,Uptown Individuals
91605,North Hollywood,28,7B,Urban Villages,13,Next Wave
91606,North Hollywood,60,13A,International Marketplace,13,Next Wave
91607,Valley Village,12,3C,Trendsetters,3,Uptown Individuals
91701,Rancho Cucamonga,4,1D,Savvy Suburbanites,1,Affluent Estates
91702,Azusa,28,7B,Urban Villages,7,Ethnic Enclaves
91706,Baldwin Park,28,7B,Urban Villages,7,Ethnic Enclaves
91708,Chino,3,1C,Boomburbs,1,Affluent Estates
91709,Chino Hills,2,1B,Professional Pride,1,Affluent Estates
91710,Chino,7,2B,Pleasantville,7,Ethnic Enclaves
91711,Claremont,5,1E,Exurbanites,1,Affluent Estates
91722,Covina,28,7B,Urban Villages,7,Ethnic Enclaves
91723,Covina,60,13A,International Marketplace,13,Next Wave
91724,Covina,7,2B,Pleasantville,2,Upscale Avenues
91730,Rancho Cucamonga,9,2D,Enterprising Professionals,2,Upscale Avenues
91731,El Monte,61,13B,Las Casas,13,Next Wave
91732,El Monte,61,13B,Las Casas,7,Ethnic Enclaves
91733,South El Monte,61,13B,Las Casas,13,Next Wave
91737,Rancho Cucamonga,4,1D,Savvy Suburbanites,1,Affluent Estates
91739,Rancho Cucamonga,2,1B,Professional Pride,1,Affluent Estates
91740,Glendora,7,2B,Pleasantville,2,Upscale Avenues
91741,Glendora,7,2B,Pleasantville,1,Affluent Estates
91743,Guasti,29,7C,American Dreamers,7,Ethnic Enclaves
91744,La Puente,28,7B,Urban Villages,7,Ethnic Enclaves
91745,Hacienda Heights,8,2C,Pacific Heights,2,Upscale Avenues
91746,La Puente,28,7B,Urban Villages,7,Ethnic Enclaves
91748,Rowland Heights,8,2C,Pacific Heights,2,Upscale Avenues
91750,La Verne,33,8A,City Lights,1,Affluent Estates
91752,Mira Loma,28,7B,Urban Villages,7,Ethnic Enclaves
91754,Monterey Park,8,2C,Pacific Heights,2,Upscale Avenues
91755,Monterey Park,8,2C,Pacific Heights,2,Upscale Avenues
91759,Mt Baldy,4,1D,Savvy Suburbanites,1,Affluent Estates
91761,Ontario,28,7B,Urban Villages,7,Ethnic Enclaves
91762,Ontario,28,7B,Urban Villages,7,Ethnic Enclaves
91763,Montclair,28,7B,Urban Villages,7,Ethnic Enclaves
91764,Ontario,28,7B,Urban Villages,7,Ethnic Enclaves
91765,Diamond Bar,8,2C,Pacific Heights,2,Upscale Avenues
91766,Pomona,61,13B,Las Casas,13,Next Wave
91767,Pomona,28,7B,Urban Villages,7,Ethnic Enclaves
91768,Pomona,28,7B,Urban Villages,7,Ethnic Enclaves
91770,Rosemead,28,7B,Urban Villages,7,Ethnic Enclaves
91773,San Dimas,7,2B,Pleasantville,2,Upscale Avenues
91775,San Gabriel,8,2C,Pacific Heights,2,Upscale Avenues
91776,San Gabriel,8,2C,Pacific Heights,2,Upscale Avenues
91780,Temple City,8,2C,Pacific Heights,2,Upscale Avenues
91784,Upland,5,1E,Exurbanites,1,Affluent Estates
91786,Upland,60,13A,International Marketplace,8,Middle Ground
91789,Walnut,8,2C,Pacific Heights,2,Upscale Avenues
91790,West Covina,28,7B,Urban Villages,7,Ethnic Enclaves
91791,West Covina,8,2C,Pacific Heights,2,Upscale Avenues
91792,West Covina,8,2C,Pacific Heights,2,Upscale Avenues
91801,Alhambra,36,8D,Downtown Melting Pot,8,Middle Ground
91803,Alhambra,36,8D,Downtown Melting Pot,8,Middle Ground
91901,Alpine,5,1E,Exurbanites,1,Affluent Estates
91902,Bonita,7,2B,Pleasantville,2,Upscale Avenues
91905,Boulevard,23,6C,The Great Outdoors,6,Cozy Country Living
91906,Campo,23,6C,The Great Outdoors,6,Cozy Country Living
91910,Chula Vista,7,2B,Pleasantville,2,Upscale Avenues
91911,Chula Vista,28,7B,Urban Villages,7,Ethnic Enclaves
91913,Chula Vista,3,1C,Boomburbs,1,Affluent Estates
91914,Chula Vista,3,1C,Boomburbs,1,Affluent Estates
91915,Chula Vista,3,1C,Boomburbs,1,Affluent Estates
91916,Descanso,23,6C,The Great Outdoors,6,Cozy Country Living
91917,Dulzura,23,6C,The Great Outdoors,6,Cozy Country Living
91931,Guatay,25,6E,Rural Resort Dwellers,6,Cozy Country Living
91932,Imperial Beach,60,13A,International Marketplace,13,Next Wave
91934,Jacumba,23,6C,The Great Outdoors,6,Cozy Country Living
91935,Jamul,7,2B,Pleasantville,1,Affluent Estates
91941,La Mesa,5,1E,Exurbanites,8,Middle Ground
91942,La Mesa,44,9E,Retirement Communities,8,Middle Ground
91945,Lemon Grove,28,7B,Urban Villages,7,Ethnic Enclaves
91948,Mount Laguna,25,6E,Rural Resort Dwellers,6,Cozy Country Living
91950,National City,60,13A,International Marketplace,13,Next Wave
91962,Pine Valley,16,5A,Comfortable Empty Nesters,5,GenXurban
91963,Potrero,50,10E,Rural Bypasses,10,Rustic Outposts
91977,Spring Valley,28,7B,Urban Villages,7,Ethnic Enclaves
91978,Spring Valley,7,2B,Pleasantville,2,Upscale Avenues
91980,Tecate,50,10E,Rural Bypasses,10,Rustic Outposts
92003,Bonsall,23,6C,The Great Outdoors,6,Cozy Country Living
92004,Borrego Springs,25,6E,Rural Resort Dwellers,6,Cozy Country Living
92007,Cardiff By The Sea,6,2A,Urban Chic,2,Upscale Avenues
92008,Carlsbad,5,1E,Exurbanites,2,Upscale Avenues
92009,Carlsbad,3,1C,Boomburbs,1,Affluent Estates
92010,Carlsbad,13,4A,Soccer Moms,2,Upscale Avenues
92011,Carlsbad,6,2A,Urban Chic,2,Upscale Avenues
92014,Del Mar,5,1E,Exurbanites,1,Affluent Estates
92019,El Cajon,4,1D,Savvy Suburbanites,1,Affluent Estates
92020,El Cajon,53,11C,Metro Fusion,11,Midtown Singles
92021,El Cajon,53,11C,Metro Fusion,8,Middle Ground
92024,Encinitas,6,2A,Urban Chic,2,Upscale Avenues
92025,Escondido,60,13A,International Marketplace,13,Next Wave
92026,Escondido,7,2B,Pleasantville,2,Upscale Avenues
92027,Escondido,28,7B,Urban Villages,7,Ethnic Enclaves
92028,Fallbrook,5,1E,Exurbanites,1,Affluent Estates
92029,Escondido,5,1E,Exurbanites,1,Affluent Estates
92036,Julian,23,6C,The Great Outdoors,6,Cozy Country Living
92037,La Jolla,1,1A,Top Tier,1,Affluent Estates
92040,Lakeside,7,2B,Pleasantville,2,Upscale Avenues
92054,Oceanside,62,13C,NeWest Residents,8,Middle Ground
92055,Camp Pendleton,65,14A,Military Proximity,14,Scholars and Patriots
92056,Oceanside,7,2B,Pleasantville,2,Upscale Avenues
92057,Oceanside,7,2B,Pleasantville,2,Upscale Avenues
92058,Oceanside,65,14A,Military Proximity,14,Scholars and Patriots
92059,Pala,7,2B,Pleasantville,2,Upscale Avenues
92061,Pauma Valley,28,7B,Urban Villages,7,Ethnic Enclaves
92064,Poway,1,1A,Top Tier,1,Affluent Estates
92065,Ramona,4,1D,Savvy Suburbanites,1,Affluent Estates
92066,Ranchita,43,9D,Senior Escapes,9,Senior Styles
92067,Rancho Santa Fe,1,1A,Top Tier,1,Affluent Estates
92069,San Marcos,62,13C,NeWest Residents,13,Next Wave
92070,Santa Ysabel,43,9D,Senior Escapes,9,Senior Styles
92071,Santee,14,4B,Home Improvement,4,Family Landscapes
92075,Solana Beach,6,2A,Urban Chic,2,Upscale Avenues
92078,San Marcos,3,1C,Boomburbs,1,Affluent Estates
92081,Vista,7,2B,Pleasantville,8,Middle Ground
92082,Valley Center,7,2B,Pleasantville,2,Upscale Avenues
92083,Vista,28,7B,Urban Villages,7,Ethnic Enclaves
92084,Vista,7,2B,Pleasantville,13,Next Wave
92086,Warner Springs,43,9D,Senior Escapes,9,Senior Styles
92091,Rancho Santa Fe,5,1E,Exurbanites,1,Affluent Estates
92093,La Jolla,67,14C,Dorms to Diplomas,14,Scholars and Patriots
92101,San Diego,11,3B,Metro Renters,3,Uptown Individuals
92102,San Diego,61,13B,Las Casas,13,Next Wave
92103,San Diego,12,3C,Trendsetters,3,Uptown Individuals
92104,San Diego,12,3C,Trendsetters,11,Midtown Singles
92105,San Diego,62,13C,NeWest Residents,13,Next Wave
92106,San Diego,5,1E,Exurbanites,1,Affluent Estates
92107,San Diego,11,3B,Metro Renters,3,Uptown Individuals
92108,San Diego,11,3B,Metro Renters,3,Uptown Individuals
92109,San Diego,11,3B,Metro Renters,3,Uptown Individuals
92110,San Diego,34,8B,Emerald City,8,Middle Ground
92111,San Diego,7,2B,Pleasantville,8,Middle Ground
92113,San Diego,61,13B,Las Casas,13,Next Wave
92114,San Diego,28,7B,Urban Villages,7,Ethnic Enclaves
92115,San Diego,34,8B,Emerald City,8,Middle Ground
92116,San Diego,52,11B,Young and Restless,11,Midtown Singles
92117,San Diego,7,2B,Pleasantville,2,Upscale Avenues
92118,Coronado,5,1E,Exurbanites,1,Affluent Estates
92119,San Diego,7,2B,Pleasantville,2,Upscale Avenues
92120,San Diego,17,5B,In Style,5,GenXurban
92121,San Diego,6,2A,Urban Chic,2,Upscale Avenues
92122,San Diego,11,3B,Metro Renters,3,Uptown Individuals
92123,San Diego,34,8B,Emerald City,8,Middle Ground
92124,San Diego,65,14A,Military Proximity,2,Upscale Avenues
92126,San Diego,9,2D,Enterprising Professionals,2,Upscale Avenues
92127,San Diego,3,1C,Boomburbs,1,Affluent Estates
92128,San Diego,9,2D,Enterprising Professionals,2,Upscale Avenues
92129,San Diego,2,1B,Professional Pride,1,Affluent Estates
92130,San Diego,3,1C,Boomburbs,1,Affluent Estates
92131,San Diego,2,1B,Professional Pride,1,Affluent Estates
92134,San Diego,65,14A,Military Proximity,14,Scholars and Patriots
92135,San Diego,65,14A,Military Proximity,14,Scholars and Patriots
92136,San Diego,65,14A,Military Proximity,14,Scholars and Patriots
92139,San Diego,28,7B,Urban Villages,7,Ethnic Enclaves
92140,San Diego,65,14A,Military Proximity,14,Scholars and Patriots
92145,San Diego,65,14A,Military Proximity,14,Scholars and Patriots
92147,San Diego,9,2D,Enterprising Professionals,2,Upscale Avenues
92152,San Diego,65,14A,Military Proximity,14,Scholars and Patriots
92154,San Diego,28,7B,Urban Villages,7,Ethnic Enclaves
92155,San Diego,65,14A,Military Proximity,14,Scholars and Patriots
92173,San Ysidro,61,13B,Las Casas,7,Ethnic Enclaves
92182,San Diego,67,14C,Dorms to Diplomas,14,Scholars and Patriots
92201,Indio,29,7C,American Dreamers,7,Ethnic Enclaves
92203,Indio,27,7A,Up and Coming Families,7,Ethnic Enclaves
92210,Indian Wells,40,9A,Silver & Gold,9,Senior Styles
92211,Palm Desert,42,9C,The Elders,9,Senior Styles
92220,Banning,32,7F,Southwestern Families,7,Ethnic Enclaves
92223,Beaumont,27,7A,Up and Coming Families,7,Ethnic Enclaves
92225,Blythe,68,15,Unclassified,13,Next Wave
92227,Brawley,32,7F,Southwestern Families,7,Ethnic Enclaves
92230,Cabazon,30,7D,Barrios Urbanos,7,Ethnic Enclaves
92231,Calexico,28,7B,Urban Villages,7,Ethnic Enclaves
92233,Calipatria,43,9D,Senior Escapes,9,Senior Styles
92234,Cathedral City,29,7C,American Dreamers,7,Ethnic Enclaves
92236,Coachella,61,13B,Las Casas,13,Next Wave
92239,Desert Center,49,10D,Down the Road,10,Rustic Outposts
92240,Desert Hot Springs,63,13D,Fresh Ambitions,7,Ethnic Enclaves
92241,Desert Hot Springs,43,9D,Senior Escapes,9,Senior Styles
92243,El Centro,32,7F,Southwestern Families,7,Ethnic Enclaves
92249,Heber,28,7B,Urban Villages,7,Ethnic Enclaves
92250,Holtville,32,7F,Southwestern Families,7,Ethnic Enclaves
92251,Imperial,29,7C,American Dreamers,7,Ethnic Enclaves
92252,Joshua Tree,58,12C,Small Town Simplicity,12,Hometown
92253,La Quinta,40,9A,Silver & Gold,9,Senior Styles
92254,Mecca,31,7E,Valley Growers,7,Ethnic Enclaves
92256,Morongo Valley,19,5D,Rustbelt Traditions,5,GenXurban
92257,Niland,32,7F,Southwestern Families,9,Senior Styles
92258,North Palm Springs,43,9D,Senior Escapes,9,Senior Styles
92259,Ocotillo,43,9D,Senior Escapes,9,Senior Styles
92260,Palm Desert,38,8F,Old and Newcomers,9,Senior Styles
92262,Palm Springs,23,6C,The Great Outdoors,9,Senior Styles
92264,Palm Springs,40,9A,Silver & Gold,9,Senior Styles
92266,Palo Verde,43,9D,Senior Escapes,9,Senior Styles
92268,Pioneertown,25,6E,Rural Resort Dwellers,6,Cozy Country Living
92270,Rancho Mirage,40,9A,Silver & Gold,9,Senior Styles
92274,Thermal,31,7E,Valley Growers,7,Ethnic Enclaves
92276,Thousand Palms,29,7C,American Dreamers,7,Ethnic Enclaves
92277,Twentynine Palms,65,14A,Military Proximity,8,Middle Ground
92278,Twentynine Palms,65,14A,Military Proximity,14,Scholars and Patriots
92280,Vidal,58,12C,Small Town Simplicity,12,Hometown
92281,Westmorland,32,7F,Southwestern Families,7,Ethnic Enclaves
92282,Whitewater,47,10B,Rooted Rural,10,Rustic Outposts
92283,Winterhaven,49,10D,Down the Road,10,Rustic Outposts
92284,Yucca Valley,58,12C,Small Town Simplicity,12,Hometown
92285,Landers,43,9D,Senior Escapes,9,Senior Styles
92301,Adelanto,29,7C,American Dreamers,7,Ethnic Enclaves
92304,Amboy,49,10D,Down the Road,10,Rustic Outposts
92305,Angelus Oaks,25,6E,Rural Resort Dwellers,6,Cozy Country Living
92307,Apple Valley,16,5A,Comfortable Empty Nesters,5,GenXurban
92308,Apple Valley,29,7C,American Dreamers,7,Ethnic Enclaves
92309,Baker,49,10D,Down the Road,10,Rustic Outposts
92310,Fort Irwin,65,14A,Military Proximity,14,Scholars and Patriots
92311,Barstow,29,7C,American Dreamers,6,Cozy Country Living
92313,Grand Terrace,14,4B,Home Improvement,8,Middle Ground
92314,Big Bear City,25,6E,Rural Resort Dwellers,6,Cozy Country Living
92315,Big Bear Lake,25,6E,Rural Resort Dwellers,6,Cozy Country Living
92316,Bloomington,28,7B,Urban Villages,7,Ethnic Enclaves
92317,Blue Jay,25,6E,Rural Resort Dwellers,6,Cozy Country Living
92318,Bryn Mawr,3,1C,Boomburbs,1,Affluent Estates
92320,Calimesa,23,6C,The Great Outdoors,6,Cozy Country Living
92322,Cedarpines Park,23,6C,The Great Outdoors,6,Cozy Country Living
92324,Colton,28,7B,Urban Villages,7,Ethnic Enclaves
92325,Crestline,23,6C,The Great Outdoors,6,Cozy Country Living
92327,Daggett,58,12C,Small Town Simplicity,12,Hometown
92328,Death Valley,44,9E,Retirement Communities,9,Senior Styles
92332,Essex,49,10D,Down the Road,10,Rustic Outposts
92335,Fontana,28,7B,Urban Villages,7,Ethnic Enclaves
92336,Fontana,3,1C,Boomburbs,7,Ethnic Enclaves
92337,Fontana,28,7B,Urban Villages,7,Ethnic Enclaves
92338,Ludlow,49,10D,Down the Road,10,Rustic Outposts
92339,Forest Falls,17,5B,In Style,5,GenXurban
92341,Green Valley Lake,25,6E,Rural Resort Dwellers,6,Cozy Country Living
92342,Helendale,23,6C,The Great Outdoors,6,Cozy Country Living
92344,Hesperia,27,7A,Up and Coming Families,7,Ethnic Enclaves
92345,Hesperia,29,7C,American Dreamers,7,Ethnic Enclaves
92346,Highland,3,1C,Boomburbs,1,Affluent Estates
92347,Hinkley,50,10E,Rural Bypasses,10,Rustic Outposts
92352,Lake Arrowhead,5,1E,Exurbanites,1,Affluent Estates
92354,Loma Linda,41,9B,Golden Years,11,Midtown Singles
92356,Lucerne Valley,43,9D,Senior Escapes,9,Senior Styles
92358,Lytle Creek,20,5E,Midlife Constants,5,GenXurban
92359,Mentone,37,8E,Front Porches,7,Ethnic Enclaves
92363,Needles,58,12C,Small Town Simplicity,12,Hometown
92364,Nipton,49,10D,Down the Road,10,Rustic Outposts
92365,Newberry Springs,43,9D,Senior Escapes,9,Senior Styles
92368,Oro Grande,49,10D,Down the Road,10,Rustic Outposts
92371,Phelan,46,10A,Southern Satellites,10,Rustic Outposts
92372,Pinon Hills,46,10A,Southern Satellites,10,Rustic Outposts
92373,Redlands,5,1E,Exurbanites,1,Affluent Estates
92374,Redlands,14,4B,Home Improvement,4,Family Landscapes
92376,Rialto,28,7B,Urban Villages,7,Ethnic Enclaves
92377,Rialto,28,7B,Urban Villages,4,Family Landscapes
92378,Rimforest,37,8E,Front Porches,8,Middle Ground
92382,Running Springs,23,6C,The Great Outdoors,6,Cozy Country Living
92384,Shoshone,44,9E,Retirement Communities,9,Senior Styles
92385,Skyforest,5,1E,Exurbanites,1,Affluent Estates
92386,Sugarloaf,25,6E,Rural Resort Dwellers,6,Cozy Country Living
92389,Tecopa,44,9E,Retirement Communities,9,Senior Styles
92391,Twin Peaks,23,6C,The Great Outdoors,6,Cozy Country Living
92392,Victorville,27,7A,Up and Coming Families,7,Ethnic Enclaves
92394,Victorville,29,7C,American Dreamers,7,Ethnic Enclaves
92395,Victorville,29,7C,American Dreamers,7,Ethnic Enclaves
92397,Wrightwood,23,6C,The Great Outdoors,6,Cozy Country Living
92398,Yermo,50,10E,Rural Bypasses,10,Rustic Outposts
92399,Yucaipa,49,10D,Down the Road,1,Affluent Estates
92401,San Bernardino,63,13D,Fresh Ambitions,13,Next Wave
92404,San Bernardino,63,13D,Fresh Ambitions,7,Ethnic Enclaves
92405,San Bernardino,29,7C,American Dreamers,7,Ethnic Enclaves
92407,San Bernardino,29,7C,American Dreamers,7,Ethnic Enclaves
92408,San Bernardino,63,13D,Fresh Ambitions,7,Ethnic Enclaves
92410,San Bernardino,63,13D,Fresh Ambitions,13,Next Wave
92411,San Bernardino,30,7D,Barrios Urbanos,7,Ethnic Enclaves
92501,Riverside,29,7C,American Dreamers,7,Ethnic Enclaves
92503,Riverside,28,7B,Urban Villages,7,Ethnic Enclaves
92504,Riverside,28,7B,Urban Villages,7,Ethnic Enclaves
92505,Riverside,28,7B,Urban Villages,7,Ethnic Enclaves
92506,Riverside,5,1E,Exurbanites,1,Affluent Estates
92507,Riverside,66,14B,College Towns,14,Scholars and Patriots
92508,Riverside,3,1C,Boomburbs,1,Affluent Estates
92509,Riverside,28,7B,Urban Villages,7,Ethnic Enclaves
92518,March Air Reserve Base,44,9E,Retirement Communities,9,Senior Styles
92521,Riverside,67,14C,Dorms to Diplomas,14,Scholars and Patriots
92530,Lake Elsinore,29,7C,American Dreamers,7,Ethnic Enclaves
92532,Lake Elsinore,27,7A,Up and Coming Families,7,Ethnic Enclaves
92536,Aguanga,23,6C,The Great Outdoors,6,Cozy Country Living
92539,Anza,47,10B,Rooted Rural,10,Rustic Outposts
92543,Hemet,45,9F,Social Security Set,9,Senior Styles
92544,Hemet,29,7C,American Dreamers,5,GenXurban
92545,Hemet,27,7A,Up and Coming Families,9,Senior Styles
92548,Homeland,43,9D,Senior Escapes,10,Rustic Outposts
92549,Idyllwild,25,6E,Rural Resort Dwellers,6,Cozy Country Living
92551,Moreno Valley,29,7C,American Dreamers,7,Ethnic Enclaves
92553,Moreno Valley,28,7B,Urban Villages,7,Ethnic Enclaves
92555,Moreno Valley,27,7A,Up and Coming Families,7,Ethnic Enclaves
92557,Moreno Valley,14,4B,Home Improvement,4,Family Landscapes
92561,Mountain Center,23,6C,The Great Outdoors,6,Cozy Country Living
92562,Murrieta,13,4A,Soccer Moms,1,Affluent Estates
92563,Murrieta,3,1C,Boomburbs,1,Affluent Estates
92567,Nuevo,28,7B,Urban Villages,7,Ethnic Enclaves
92570,Perris,30,7D,Barrios Urbanos,7,Ethnic Enclaves
92571,Perris,27,7A,Up and Coming Families,7,Ethnic Enclaves
92582,San Jacinto,27,7A,Up and Coming Families,7,Ethnic Enclaves
92583,San Jacinto,43,9D,Senior Escapes,7,Ethnic Enclaves
92584,Menifee,27,7A,Up and Coming Families,7,Ethnic Enclaves
92585,Sun City,27,7A,Up and Coming Families,7,Ethnic Enclaves
92586,Sun City,42,9C,The Elders,9,Senior Styles
92587,Quail Valley,29,7C,American Dreamers,7,Ethnic Enclaves
92590,Temecula,49,10D,Down the Road,10,Rustic Outposts
92591,Temecula,3,1C,Boomburbs,1,Affluent Estates
92592,Temecula,3,1C,Boomburbs,1,Affluent Estates
92595,Wildomar,3,1C,Boomburbs,7,Ethnic Enclaves
92596,Winchester,3,1C,Boomburbs,1,Affluent Estates
92602,Irvine,3,1C,Boomburbs,1,Affluent Estates
92603,Irvine,3,1C,Boomburbs,1,Affluent Estates
92604,Irvine,8,2C,Pacific Heights,2,Upscale Avenues
92606,Irvine,9,2D,Enterprising Professionals,1,Affluent Estates
92610,Foothill Ranch,2,1B,Professional Pride,1,Affluent Estates
92612,Irvine,11,3B,Metro Renters,3,Uptown Individuals
92614,Irvine,8,2C,Pacific Heights,2,Upscale Avenues
92617,Irvine,67,14C,Dorms to Diplomas,14,Scholars and Patriots
92618,Irvine,9,2D,Enterprising Professionals,2,Upscale Avenues
92620,Irvine,9,2D,Enterprising Professionals,1,Affluent Estates
92624,Capistrano Beach,5,1E,Exurbanites,2,Upscale Avenues
92625,Corona Del Mar,1,1A,Top Tier,1,Affluent Estates
92626,Costa Mesa,7,2B,Pleasantville,3,Uptown Individuals
92627,Costa Mesa,12,3C,Trendsetters,13,Next Wave
92629,Dana Point,6,2A,Urban Chic,2,Upscale Avenues
92630,Lake Forest,9,2D,Enterprising Professionals,2,Upscale Avenues
92637,Laguna Woods,42,9C,The Elders,9,Senior Styles
92646,Huntington Beach,7,2B,Pleasantville,2,Upscale Avenues
92647,Huntington Beach,7,2B,Pleasantville,2,Upscale Avenues
92648,Huntington Beach,1,1A,Top Tier,3,Uptown Individuals
92649,Huntington Beach,6,2A,Urban Chic,2,Upscale Avenues
92651,Laguna Beach,6,2A,Urban Chic,2,Upscale Avenues
92653,Laguna Hills,4,1D,Savvy Suburbanites,1,Affluent Estates
92655,Midway City,8,2C,Pacific Heights,2,Upscale Avenues
92656,Aliso Viejo,9,2D,Enterprising Professionals,2,Upscale Avenues
92657,Newport Coast,1,1A,Top Tier,1,Affluent Estates
92660,Newport Beach,1,1A,Top Tier,1,Affluent Estates
92661,Newport Beach,10,3A,Laptops and Lattes,3,Uptown Individuals
92662,Newport Beach,41,9B,Golden Years,9,Senior Styles
92663,Newport Beach,10,3A,Laptops and Lattes,3,Uptown Individuals
92672,San Clemente,5,1E,Exurbanites,1,Affluent Estates
92673,San Clemente,3,1C,Boomburbs,1,Affluent Estates
92675,San Juan Capistrano,1,1A,Top Tier,1,Affluent Estates
92676,Silverado,7,2B,Pleasantville,2,Upscale Avenues
92677,Laguna Niguel,6,2A,Urban Chic,1,Affluent Estates
92679,Trabuco Canyon,2,1B,Professional Pride,1,Affluent Estates
92683,Westminster,8,2C,Pacific Heights,2,Upscale Avenues
92688,Rancho Santa Margarita,9,2D,Enterprising Professionals,1,Affluent Estates
92691,Mission Viejo,4,1D,Savvy Suburbanites,2,Upscale Avenues
92692,Mission Viejo,2,1B,Professional Pride,1,Affluent Estates
92694,Ladera Ranch,3,1C,Boomburbs,1,Affluent Estates
92697,Irvine,67,14C,Dorms to Diplomas,14,Scholars and Patriots
92701,Santa Ana,62,13C,NeWest Residents,13,Next Wave
92703,Santa Ana,61,13B,Las Casas,13,Next Wave
92704,Santa Ana,28,7B,Urban Villages,7,Ethnic Enclaves
92705,Santa Ana,1,1A,Top Tier,1,Affluent Estates
92706,Santa Ana,28,7B,Urban Villages,7,Ethnic Enclaves
92707,Santa Ana,28,7B,Urban Villages,13,Next Wave
92708,Fountain Valley,8,2C,Pacific Heights,2,Upscale Avenues
92780,Tustin,60,13A,International Marketplace,13,Next Wave
92782,Tustin,9,2D,Enterprising Professionals,2,Upscale Avenues
92801,Anaheim,60,13A,International Marketplace,13,Next Wave
92802,Anaheim,28,7B,Urban Villages,13,Next Wave
92804,Anaheim,28,7B,Urban Villages,7,Ethnic Enclaves
92805,Anaheim,28,7B,Urban Villages,13,Next Wave
92806,Anaheim,28,7B,Urban Villages,7,Ethnic Enclaves
92807,Anaheim,5,1E,Exurbanites,1,Affluent Estates
92808,Anaheim,2,1B,Professional Pride,1,Affluent Estates
92821,Brea,4,1D,Savvy Suburbanites,1,Affluent Estates
92823,Brea,3,1C,Boomburbs,1,Affluent Estates
92831,Fullerton,52,11B,Young and Restless,14,Scholars and Patriots
92832,Fullerton,28,7B,Urban Villages,13,Next Wave
92833,Fullerton,8,2C,Pacific Heights,2,Upscale Avenues
92835,Fullerton,8,2C,Pacific Heights,1,Affluent Estates
92840,Garden Grove,28,7B,Urban Villages,7,Ethnic Enclaves
92841,Garden Grove,28,7B,Urban Villages,7,Ethnic Enclaves
92843,Garden Grove,28,7B,Urban Villages,7,Ethnic Enclaves
92844,Garden Grove,36,8D,Downtown Melting Pot,8,Middle Ground
92845,Garden Grove,7,2B,Pleasantville,2,Upscale Avenues
92860,Norco,7,2B,Pleasantville,1,Affluent Estates
92861,Villa Park,1,1A,Top Tier,1,Affluent Estates
92862,Orange,1,1A,Top Tier,1,Affluent Estates
92865,Orange,7,2B,Pleasantville,2,Upscale Avenues
92866,Orange,7,2B,Pleasantville,2,Upscale Avenues
92867,Orange,7,2B,Pleasantville,1,Affluent Estates
92868,Orange,60,13A,International Marketplace,3,Uptown Individuals
92869,Orange,7,2B,Pleasantville,1,Affluent Estates
92870,Placentia,5,1E,Exurbanites,1,Affluent Estates
92879,Corona,13,4A,Soccer Moms,7,Ethnic Enclaves
92880,Corona,3,1C,Boomburbs,1,Affluent Estates
92881,Corona,3,1C,Boomburbs,1,Affluent Estates
92882,Corona,28,7B,Urban Villages,1,Affluent Estates
92883,Corona,3,1C,Boomburbs,1,Affluent Estates
92886,Yorba Linda,4,1D,Savvy Suburbanites,1,Affluent Estates
92887,Yorba Linda,1,1A,Top Tier,1,Affluent Estates
93001,Ventura,60,13A,International Marketplace,13,Next Wave
93003,Ventura,7,2B,Pleasantville,8,Middle Ground
93004,Ventura,7,2B,Pleasantville,2,Upscale Avenues
93010,Camarillo,7,2B,Pleasantville,2,Upscale Avenues
93012,Camarillo,13,4A,Soccer Moms,4,Family Landscapes
93013,Carpinteria,5,1E,Exurbanites,1,Affluent Estates
93015,Fillmore,61,13B,Las Casas,13,Next Wave
93021,Moorpark,2,1B,Professional Pride,1,Affluent Estates
93022,Oak View,7,2B,Pleasantville,2,Upscale Avenues
93023,Ojai,7,2B,Pleasantville,2,Upscale Avenues
93030,Oxnard,28,7B,Urban Villages,7,Ethnic Enclaves
93033,Oxnard,28,7B,Urban Villages,7,Ethnic Enclaves
93035,Oxnard,28,7B,Urban Villages,7,Ethnic Enclaves
93036,Oxnard,28,7B,Urban Villages,7,Ethnic Enclaves
93040,Piru,28,7B,Urban Villages,7,Ethnic Enclaves
93041,Port Hueneme,60,13A,International Marketplace,7,Ethnic Enclaves
93042,Point Mugu Nawc,65,14A,Military Proximity,14,Scholars and Patriots
93043,Port Hueneme Cbc Base,65,14A,Military Proximity,14,Scholars and Patriots
93060,Santa Paula,61,13B,Las Casas,13,Next Wave
93063,Simi Valley,7,2B,Pleasantville,2,Upscale Avenues
93065,Simi Valley,7,2B,Pleasantville,2,Upscale Avenues
93066,Somis,5,1E,Exurbanites,1,Affluent Estates
93067,Summerland,34,8B,Emerald City,8,Middle Ground
93101,Santa Barbara,12,3C,Trendsetters,3,Uptown Individuals
93103,Santa Barbara,60,13A,International Marketplace,13,Next Wave
93105,Santa Barbara,6,2A,Urban Chic,2,Upscale Avenues
93106,Santa Barbara,67,14C,Dorms to Diplomas,14,Scholars and Patriots
93108,Santa Barbara,5,1E,Exurbanites,1,Affluent Estates
93109,Santa Barbara,6,2A,Urban Chic,2,Upscale Avenues
93110,Santa Barbara,5,1E,Exurbanites,1,Affluent Estates
93111,Santa Barbara,5,1E,Exurbanites,1,Affluent Estates
93117,Goleta,67,14C,Dorms to Diplomas,14,Scholars and Patriots
93201,Alpaugh,31,7E,Valley Growers,7,Ethnic Enclaves
93202,Armona,30,7D,Barrios Urbanos,7,Ethnic Enclaves
93203,Arvin,31,7E,Valley Growers,7,Ethnic Enclaves
93204,Avenal,31,7E,Valley Growers,7,Ethnic Enclaves
93205,Bodfish,43,9D,Senior Escapes,9,Senior Styles
93206,Buttonwillow,30,7D,Barrios Urbanos,7,Ethnic Enclaves
93207,California Hot Springs,25,6E,Rural Resort Dwellers,6,Cozy Country Living
93210,Coalinga,68,15,Unclassified,7,Ethnic Enclaves
93212,Corcoran,68,15,Unclassified,7,Ethnic Enclaves
93215,Delano,31,7E,Valley Growers,7,Ethnic Enclaves
93218,Ducor,31,7E,Valley Growers,7,Ethnic Enclaves
93219,Earlimart,31,7E,Valley Growers,7,Ethnic Enclaves
93221,Exeter,15,4C,Middleburg,4,Family Landscapes
93223,Farmersville,30,7D,Barrios Urbanos,7,Ethnic Enclaves
93224,Fellows,48,10C,Diners & Miners,10,Rustic Outposts
93225,Frazier Park,23,6C,The Great Outdoors,6,Cozy Country Living
93226,Glennville,25,6E,Rural Resort Dwellers,6,Cozy Country Living
93230,Hanford,3,1C,Boomburbs,7,Ethnic Enclaves
93234,Huron,31,7E,Valley Growers,7,Ethnic Enclaves
93235,Ivanhoe,30,7D,Barrios Urbanos,7,Ethnic Enclaves
93238,Kernville,25,6E,Rural Resort Dwellers,6,Cozy Country Living
93239,Kettleman City,31,7E,Valley Growers,7,Ethnic Enclaves
93240,Lake Isabella,43,9D,Senior Escapes,9,Senior Styles
93241,Lamont,31,7E,Valley Growers,7,Ethnic Enclaves
93242,Laton,30,7D,Barrios Urbanos,7,Ethnic Enclaves
93243,Lebec,23,6C,The Great Outdoors,6,Cozy Country Living
93244,Lemon Cove,5,1E,Exurbanites,1,Affluent Estates
93245,Lemoore,65,14A,Military Proximity,8,Middle Ground
93247,Lindsay,30,7D,Barrios Urbanos,7,Ethnic Enclaves
93249,Lost Hills,31,7E,Valley Growers,7,Ethnic Enclaves
93250,Mc Farland,31,7E,Valley Growers,7,Ethnic Enclaves
93251,Mc Kittrick,31,7E,Valley Growers,7,Ethnic Enclaves
93252,Maricopa,48,10C,Diners & Miners,10,Rustic Outposts
93254,New Cuyama,24,6D,Prairie Living,6,Cozy Country Living
93255,Onyx,43,9D,Senior Escapes,9,Senior Styles
93256,Pixley,31,7E,Valley Growers,7,Ethnic Enclaves
93257,Porterville,31,7E,Valley Growers,7,Ethnic Enclaves
93260,Posey,25,6E,Rural Resort Dwellers,6,Cozy Country Living
93261,Richgrove,31,7E,Valley Growers,7,Ethnic Enclaves
93262,Sequoia National Park,40,9A,Silver & Gold,9,Senior Styles
93263,Shafter,31,7E,Valley Growers,7,Ethnic Enclaves
93265,Springville,25,6E,Rural Resort Dwellers,6,Cozy Country Living
93266,Stratford,30,7D,Barrios Urbanos,7,Ethnic Enclaves
93267,Strathmore,31,7E,Valley Growers,7,Ethnic Enclaves
93268,Taft,31,7E,Valley Growers,7,Ethnic Enclaves
93270,Terra Bella,31,7E,Valley Growers,7,Ethnic Enclaves
93271,Three Rivers,5,1E,Exurbanites,1,Affluent Estates
93274,Tulare,31,7E,Valley Growers,7,Ethnic Enclaves
93276,Tupman,48,10C,Diners & Miners,10,Rustic Outposts
93277,Visalia,37,8E,Front Porches,5,GenXurban
93280,Wasco,31,7E,Valley Growers,7,Ethnic Enclaves
93283,Weldon,43,9D,Senior Escapes,9,Senior Styles
93285,Wofford Heights,43,9D,Senior Escapes,9,Senior Styles
93286,Woodlake,31,7E,Valley Growers,7,Ethnic Enclaves
93287,Woody,25,6E,Rural Resort Dwellers,6,Cozy Country Living
93291,Visalia,27,7A,Up and Coming Families,7,Ethnic Enclaves
93292,Visalia,29,7C,American Dreamers,7,Ethnic Enclaves
93301,Bakersfield,63,13D,Fresh Ambitions,13,Next Wave
93304,Bakersfield,30,7D,Barrios Urbanos,7,Ethnic Enclaves
93305,Bakersfield,31,7E,Valley Growers,7,Ethnic Enclaves
93306,Bakersfield,30,7D,Barrios Urbanos,7,Ethnic Enclaves
93307,Bakersfield,31,7E,Valley Growers,7,Ethnic Enclaves
93308,Bakersfield,27,7A,Up and Coming Families,8,Middle Ground
93309,Bakersfield,53,11C,Metro Fusion,8,Middle Ground
93311,Bakersfield,27,7A,Up and Coming Families,1,Affluent Estates
93312,Bakersfield,13,4A,Soccer Moms,4,Family Landscapes
93313,Bakersfield,27,7A,Up and Coming Families,7,Ethnic Enclaves
93314,Bakersfield,13,4A,Soccer Moms,4,Family Landscapes
93401,San Luis Obispo,38,8F,Old and Newcomers,8,Middle Ground
93402,Los Osos,17,5B,In Style,5,GenXurban
93405,San Luis Obispo,67,14C,Dorms to Diplomas,14,Scholars and Patriots
93407,San Luis Obispo,67,14C,Dorms to Diplomas,14,Scholars and Patriots
93420,Arroyo Grande,5,1E,Exurbanites,1,Affluent Estates
93422,Atascadero,35,8C,Bright Young Professionals,6,Cozy Country Living
93424,Avila Beach,40,9A,Silver & Gold,9,Senior Styles
93426,Bradley,23,6C,The Great Outdoors,6,Cozy Country Living
93427,Buellton,13,4A,Soccer Moms,4,Family Landscapes
93428,Cambria,40,9A,Silver & Gold,9,Senior Styles
93429,Casmalia,31,7E,Valley Growers,7,Ethnic Enclaves
93430,Cayucos,23,6C,The Great Outdoors,9,Senior Styles
93432,Creston,23,6C,The Great Outdoors,6,Cozy Country Living
93433,Grover Beach,37,8E,Front Porches,8,Middle Ground
93434,Guadalupe,61,13B,Las Casas,7,Ethnic Enclaves
93435,Harmony,23,6C,The Great Outdoors,6,Cozy Country Living
93436,Lompoc,28,7B,Urban Villages,7,Ethnic Enclaves
93437,Lompoc,65,14A,Military Proximity,14,Scholars and Patriots
93441,Los Olivos,5,1E,Exurbanites,1,Affluent Estates
93442,Morro Bay,38,8F,Old and Newcomers,9,Senior Styles
93444,Nipomo,5,1E,Exurbanites,7,Ethnic Enclaves
93445,Oceano,29,7C,American Dreamers,7,Ethnic Enclaves
93446,Paso Robles,23,6C,The Great Outdoors,6,Cozy Country Living
93449,Pismo Beach,41,9B,Golden Years,9,Senior Styles
93450,San Ardo,21,6A,Green Acres,6,Cozy Country Living
93451,San Miguel,29,7C,American Dreamers,7,Ethnic Enclaves
93452,San Simeon,23,6C,The Great Outdoors,6,Cozy Country Living
93453,Santa Margarita,23,6C,The Great Outdoors,6,Cozy Country Living
93454,Santa Maria,28,7B,Urban Villages,7,Ethnic Enclaves
93455,Santa Maria,7,2B,Pleasantville,2,Upscale Avenues
93458,Santa Maria,31,7E,Valley Growers,7,Ethnic Enclaves
93460,Santa Ynez,5,1E,Exurbanites,1,Affluent Estates
93461,Shandon,29,7C,American Dreamers,7,Ethnic Enclaves
93463,Solvang,5,1E,Exurbanites,1,Affluent Estates
93465,Templeton,23,6C,The Great Outdoors,6,Cozy Country Living
93501,Mojave,39,8G,Hardscrabble Road,8,Middle Ground
93505,California City,15,4C,Middleburg,4,Family Landscapes
93510,Acton,7,2B,Pleasantville,2,Upscale Avenues
93512,Benton,23,6C,The Great Outdoors,6,Cozy Country Living
93513,Big Pine,23,6C,The Great Outdoors,6,Cozy Country Living
93514,Bishop,5,1E,Exurbanites,1,Affluent Estates
93516,Boron,48,10C,Diners & Miners,10,Rustic Outposts
93517,Bridgeport,25,6E,Rural Resort Dwellers,6,Cozy Country Living
93518,Caliente,43,9D,Senior Escapes,9,Senior Styles
93519,Cantil,43,9D,Senior Escapes,9,Senior Styles
93522,Darwin,43,9D,Senior Escapes,9,Senior Styles
93523,Edwards,65,14A,Military Proximity,14,Scholars and Patriots
93524,Edwards,65,14A,Military Proximity,14,Scholars and Patriots
93526,Independence,20,5E,Midlife Constants,5,GenXurban
93527,Inyokern,23,6C,The Great Outdoors,6,Cozy Country Living
93528,Johannesburg,43,9D,Senior Escapes,9,Senior Styles
93529,June Lake,38,8F,Old and Newcomers,8,Middle Ground
93531,Keene,40,9A,Silver & Gold,9,Senior Styles
93532,Lake Hughes,14,4B,Home Improvement,4,Family Landscapes
93534,Lancaster,29,7C,American Dreamers,7,Ethnic Enclaves
93535,Lancaster,29,7C,American Dreamers,7,Ethnic Enclaves
93536,Lancaster,14,4B,Home Improvement,4,Family Landscapes
93541,Lee Vining,23,6C,The Great Outdoors,6,Cozy Country Living
93543,Littlerock,28,7B,Urban Villages,7,Ethnic Enclaves
93544,Llano,23,6C,The Great Outdoors,6,Cozy Country Living
93545,Lone Pine,58,12C,Small Town Simplicity,12,Hometown
93546,Mammoth Lakes,34,8B,Emerald City,8,Middle Ground
93549,Olancha,43,9D,Senior Escapes,9,Senior Styles
93550,Palmdale,28,7B,Urban Villages,7,Ethnic Enclaves
93551,Palmdale,13,4A,Soccer Moms,4,Family Landscapes
93552,Palmdale,28,7B,Urban Villages,7,Ethnic Enclaves
93553,Pearblossom,18,5C,Parks and Rec,5,GenXurban
93554,Randsburg,43,9D,Senior Escapes,9,Senior Styles
93555,Ridgecrest,38,8F,Old and Newcomers,8,Middle Ground
93558,Red Mountain,43,9D,Senior Escapes,9,Senior Styles
93560,Rosamond,14,4B,Home Improvement,10,Rustic Outposts
93561,Tehachapi,5,1E,Exurbanites,1,Affluent Estates
93562,Trona,48,10C,Diners & Miners,10,Rustic Outposts
93563,Valyermo,47,10B,Rooted Rural,10,Rustic Outposts
93591,Palmdale,29,7C,American Dreamers,7,Ethnic Enclaves
93601,Ahwahnee,23,6C,The Great Outdoors,6,Cozy Country Living
93602,Auberry,23,6C,The Great Outdoors,6,Cozy Country Living
93603,Badger,25,6E,Rural Resort Dwellers,6,Cozy Country Living
93604,Bass Lake,40,9A,Silver & Gold,9,Senior Styles
93605,Big Creek,21,6A,Green Acres,6,Cozy Country Living
93606,Biola,31,7E,Valley Growers,7,Ethnic Enclaves
93608,Cantua Creek,31,7E,Valley Growers,7,Ethnic Enclaves
93609,Caruthers,31,7E,Valley Growers,7,Ethnic Enclaves
93610,Chowchilla,31,7E,Valley Growers,7,Ethnic Enclaves
93611,Clovis,13,4A,Soccer Moms,1,Affluent Estates
93612,Clovis,53,11C,Metro Fusion,11,Midtown Singles
93614,Coarsegold,23,6C,The Great Outdoors,6,Cozy Country Living
93615,Cutler,31,7E,Valley Growers,7,Ethnic Enclaves
93616,Del Rey,31,7E,Valley Growers,7,Ethnic Enclaves
93618,Dinuba,31,7E,Valley Growers,7,Ethnic Enclaves
93619,Clovis,3,1C,Boomburbs,1,Affluent Estates
93620,Dos Palos,30,7D,Barrios Urbanos,7,Ethnic Enclaves
93621,Dunlap,23,6C,The Great Outdoors,10,Rustic Outposts
93622,Firebaugh,31,7E,Valley Growers,7,Ethnic Enclaves
93623,Fish Camp,34,8B,Emerald City,8,Middle Ground
93624,Five Points,31,7E,Valley Growers,7,Ethnic Enclaves
93625,Fowler,28,7B,Urban Villages,7,Ethnic Enclaves
93626,Friant,4,1D,Savvy Suburbanites,1,Affluent Estates
93627,Helm,31,7E,Valley Growers,7,Ethnic Enclaves
93628,Hume,49,10D,Down the Road,10,Rustic Outposts
93630,Kerman,31,7E,Valley Growers,7,Ethnic Enclaves
93631,Kingsburg,15,4C,Middleburg,4,Family Landscapes
93635,Los Banos,28,7B,Urban Villages,7,Ethnic Enclaves
93636,Madera,21,6A,Green Acres,6,Cozy Country Living
93637,Madera,15,4C,Middleburg,7,Ethnic Enclaves
93638,Madera,31,7E,Valley Growers,7,Ethnic Enclaves
93640,Mendota,31,7E,Valley Growers,7,Ethnic Enclaves
93641,Miramonte,47,10B,Rooted Rural,10,Rustic Outposts
93643,North Fork,25,6E,Rural Resort Dwellers,6,Cozy Country Living
93644,Oakhurst,43,9D,Senior Escapes,6,Cozy Country Living
93645,O Neals,23,6C,The Great Outdoors,6,Cozy Country Living
93646,Orange Cove,31,7E,Valley Growers,7,Ethnic Enclaves
93647,Orosi,31,7E,Valley Growers,7,Ethnic Enclaves
93648,Parlier,31,7E,Valley Growers,7,Ethnic Enclaves
93650,Fresno,63,13D,Fresh Ambitions,11,Midtown Singles
93652,Raisin City,31,7E,Valley Growers,7,Ethnic Enclaves
93653,Raymond,23,6C,The Great Outdoors,6,Cozy Country Living
93654,Reedley,31,7E,Valley Growers,7,Ethnic Enclaves
93656,Riverdale,31,7E,Valley Growers,7,Ethnic Enclaves
93657,Sanger,30,7D,Barrios Urbanos,7,Ethnic Enclaves
93660,San Joaquin,31,7E,Valley Growers,7,Ethnic Enclaves
93662,Selma,31,7E,Valley Growers,7,Ethnic Enclaves
93664,Shaver Lake,5,1E,Exurbanites,1,Affluent Estates
93668,Tranquillity,31,7E,Valley Growers,7,Ethnic Enclaves
93669,Wishon,25,6E,Rural Resort Dwellers,6,Cozy Country Living
93673,Traver,31,7E,Valley Growers,7,Ethnic Enclaves
93675,Squaw Valley,47,10B,Rooted Rural,10,Rustic Outposts
93701,Fresno,63,13D,Fresh Ambitions,13,Next Wave
93702,Fresno,30,7D,Barrios Urbanos,7,Ethnic Enclaves
93703,Fresno,63,13D,Fresh Ambitions,13,Next Wave
93704,Fresno,37,8E,Front Porches,8,Middle Ground
93705,Fresno,63,13D,Fresh Ambitions,13,Next Wave
93706,Fresno,31,7E,Valley Growers,7,Ethnic Enclaves
93710,Fresno,16,5A,Comfortable Empty Nesters,5,GenXurban
93711,Fresno,5,1E,Exurbanites,1,Affluent Estates
93720,Fresno,17,5B,In Style,5,GenXurban
93721,Fresno,45,9F,Social Security Set,9,Senior Styles
93722,Fresno,27,7A,Up and Coming Families,7,Ethnic Enclaves
93723,Fresno,27,7A,Up and Coming Families,7,Ethnic Enclaves
93725,Fresno,31,7E,Valley Growers,7,Ethnic Enclaves
93726,Fresno,37,8E,Front Porches,8,Middle Ground
93727,Fresno,63,13D,Fresh Ambitions,7,Ethnic Enclaves
93728,Fresno,37,8E,Front Porches,8,Middle Ground
93730,Fresno,5,1E,Exurbanites,1,Affluent Estates
93737,Fresno,13,4A,Soccer Moms,4,Family Landscapes
93901,Salinas,33,8A,City Lights,8,Middle Ground
93905,Salinas,31,7E,Valley Growers,7,Ethnic Enclaves
93906,Salinas,28,7B,Urban Villages,7,Ethnic Enclaves
93907,Salinas,7,2B,Pleasantville,2,Upscale Avenues
93908,Salinas,5,1E,Exurbanites,1,Affluent Estates
93920,Big Sur,6,2A,Urban Chic,2,Upscale Avenues
93921,Carmel By The Sea,40,9A,Silver & Gold,9,Senior Styles
93923,Carmel,5,1E,Exurbanites,9,Senior Styles
93924,Carmel Valley,5,1E,Exurbanites,1,Affluent Estates
93925,Chualar,31,7E,Valley Growers,7,Ethnic Enclaves
93926,Gonzales,31,7E,Valley Growers,7,Ethnic Enclaves
93927,Greenfield,31,7E,Valley Growers,7,Ethnic Enclaves
93928,Jolon,23,6C,The Great Outdoors,6,Cozy Country Living
93930,King City,31,7E,Valley Growers,7,Ethnic Enclaves
93932,Lockwood,23,6C,The Great Outdoors,6,Cozy Country Living
93933,Marina,7,2B,Pleasantville,8,Middle Ground
93940,Monterey,12,3C,Trendsetters,3,Uptown Individuals
93943,Monterey,12,3C,Trendsetters,3,Uptown Individuals
93950,Pacific Grove,17,5B,In Style,5,GenXurban
93953,Pebble Beach,40,9A,Silver & Gold,9,Senior Styles
93954,San Lucas,31,7E,Valley Growers,7,Ethnic Enclaves
93955,Seaside,60,13A,International Marketplace,13,Next Wave
93960,Soledad,68,15,Unclassified,7,Ethnic Enclaves
94002,Belmont,6,2A,Urban Chic,2,Upscale Avenues
94005,Brisbane,33,8A,City Lights,2,Upscale Avenues
94010,Burlingame,1,1A,Top Tier,1,Affluent Estates
94014,Daly City,8,2C,Pacific Heights,2,Upscale Avenues
94015,Daly City,8,2C,Pacific Heights,2,Upscale Avenues
94018,El Granada,6,2A,Urban Chic,2,Upscale Avenues
94019,Half Moon Bay,4,1D,Savvy Suburbanites,1,Affluent Estates
94020,La Honda,6,2A,Urban Chic,2,Upscale Avenues
94021,Loma Mar,6,2A,Urban Chic,2,Upscale Avenues
94022,Los Altos,1,1A,Top Tier,1,Affluent Estates
94024,Los Altos,1,1A,Top Tier,1,Affluent Estates
94025,Menlo Park,1,1A,Top Tier,1,Affluent Estates
94027,Atherton,1,1A,Top Tier,1,Affluent Estates
94028,Portola Valley,1,1A,Top Tier,1,Affluent Estates
94030,Millbrae,8,2C,Pacific Heights,2,Upscale Avenues
94037,Montara,6,2A,Urban Chic,2,Upscale Avenues
94038,Moss Beach,4,1D,Savvy Suburbanites,1,Affluent Estates
94040,Mountain View,1,1A,Top Tier,3,Uptown Individuals
94041,Mountain View,12,3C,Trendsetters,3,Uptown Individuals
94043,Mountain View,9,2D,Enterprising Professionals,2,Upscale Avenues
94044,Pacifica,7,2B,Pleasantville,2,Upscale Avenues
94060,Pescadero,6,2A,Urban Chic,2,Upscale Avenues
94061,Redwood City,6,2A,Urban Chic,2,Upscale Avenues
94062,Redwood City,1,1A,Top Tier,1,Affluent Estates
94063,Redwood City,60,13A,International Marketplace,13,Next Wave
94065,Redwood City,9,2D,Enterprising Professionals,2,Upscale Avenues
94066,San Bruno,8,2C,Pacific Heights,2,Upscale Avenues
94070,San Carlos,6,2A,Urban Chic,2,Upscale Avenues
94074,San Gregorio,6,2A,Urban Chic,2,Upscale Avenues
94080,South San Francisco,8,2C,Pacific Heights,2,Upscale Avenues
94085,Sunnyvale,9,2D,Enterprising Professionals,2,Upscale Avenues
94086,Sunnyvale,9,2D,Enterprising Professionals,2,Upscale Avenues
94087,Sunnyvale,9,2D,Enterprising Professionals,2,Upscale Avenues
94089,Sunnyvale,9,2D,Enterprising Professionals,2,Upscale Avenues
94102,San Francisco,45,9F,Social Security Set,3,Uptown Individuals
94103,San Francisco,12,3C,Trendsetters,3,Uptown Individuals
94104,San Francisco,36,8D,Downtown Melting Pot,8,Middle Ground
94105,San Francisco,10,3A,Laptops and Lattes,3,Uptown Individuals
94107,San Francisco,10,3A,Laptops and Lattes,3,Uptown Individuals
94108,San Francisco,45,9F,Social Security Set,3,Uptown Individuals
94109,San Francisco,10,3A,Laptops and Lattes,3,Uptown Individuals
94110,San Francisco,12,3C,Trendsetters,3,Uptown Individuals
94111,San Francisco,10,3A,Laptops and Lattes,3,Uptown Individuals
94112,San Francisco,8,2C,Pacific Heights,2,Upscale Avenues
94114,San Francisco,10,3A,Laptops and Lattes,3,Uptown Individuals
94115,San Francisco,10,3A,Laptops and Lattes,3,Uptown Individuals
94116,San Francisco,8,2C,Pacific Heights,2,Upscale Avenues
94117,San Francisco,10,3A,Laptops and Lattes,3,Uptown Individuals
94118,San Francisco,12,3C,Trendsetters,3,Uptown Individuals
94121,San Francisco,36,8D,Downtown Melting Pot,8,Middle Ground
94122,San Francisco,12,3C,Trendsetters,3,Uptown Individuals
94124,San Francisco,33,8A,City Lights,8,Middle Ground
94127,San Francisco,6,2A,Urban Chic,2,Upscale Avenues
94128,San Francisco,60,13A,International Marketplace,13,Next Wave
94129,San Francisco,10,3A,Laptops and Lattes,3,Uptown Individuals
94130,San Francisco,12,3C,Trendsetters,3,Uptown Individuals
94131,San Francisco,10,3A,Laptops and Lattes,3,Uptown Individuals
94132,San Francisco,8,2C,Pacific Heights,2,Upscale Avenues
94134,San Francisco,8,2C,Pacific Heights,2,Upscale Avenues
94143,San Francisco,10,3A,Laptops and Lattes,3,Uptown Individuals
94158,San Francisco,10,3A,Laptops and Lattes,3,Uptown Individuals
94301,Palo Alto,1,1A,Top Tier,1,Affluent Estates
94303,Palo Alto,28,7B,Urban Villages,7,Ethnic Enclaves
94304,Palo Alto,10,3A,Laptops and Lattes,3,Uptown Individuals
94305,Stanford,67,14C,Dorms to Diplomas,14,Scholars and Patriots
94306,Palo Alto,6,2A,Urban Chic,2,Upscale Avenues
94401,San Mateo,33,8A,City Lights,8,Middle Ground
94402,San Mateo,1,1A,Top Tier,1,Affluent Estates
94403,San Mateo,9,2D,Enterprising Professionals,2,Upscale Avenues
94404,San Mateo,8,2C,Pacific Heights,2,Upscale Avenues
94501,Alameda,33,8A,City Lights,8,Middle Ground
94502,Alameda,8,2C,Pacific Heights,1,Affluent Estates
94503,American Canyon,7,2B,Pleasantville,2,Upscale Avenues
94505,Discovery Bay,5,1E,Exurbanites,1,Affluent Estates
94506,Danville,1,1A,Top Tier,1,Affluent Estates
94507,Alamo,1,1A,Top Tier,1,Affluent Estates
94508,Angwin,17,5B,In Style,5,GenXurban
94509,Antioch,37,8E,Front Porches,7,Ethnic Enclaves
94510,Benicia,17,5B,In Style,1,Affluent Estates
94511,Bethel Island,43,9D,Senior Escapes,9,Senior Styles
94512,Birds Landing,21,6A,Green Acres,6,Cozy Country Living
94513,Brentwood,13,4A,Soccer Moms,4,Family Landscapes
94514,Byron,33,8A,City Lights,8,Middle Ground
94515,Calistoga,23,6C,The Great Outdoors,6,Cozy Country Living
94516,Canyon,5,1E,Exurbanites,1,Affluent Estates
94517,Clayton,4,1D,Savvy Suburbanites,1,Affluent Estates
94518,Concord,7,2B,Pleasantville,8,Middle Ground
94519,Concord,7,2B,Pleasantville,2,Upscale Avenues
94520,Concord,62,13C,NeWest Residents,13,Next Wave
94521,Concord,7,2B,Pleasantville,2,Upscale Avenues
94523,Pleasant Hill,5,1E,Exurbanites,2,Upscale Avenues
94525,Crockett,33,8A,City Lights,8,Middle Ground
94526,Danville,1,1A,Top Tier,1,Affluent Estates
94528,Diablo,1,1A,Top Tier,1,Affluent Estates
94530,El Cerrito,33,8A,City Lights,2,Upscale Avenues
94531,Antioch,13,4A,Soccer Moms,4,Family Landscapes
94533,Fairfield,37,8E,Front Porches,7,Ethnic Enclaves
94534,Fairfield,13,4A,Soccer Moms,1,Affluent Estates
94535,Travis Afb,65,14A,Military Proximity,14,Scholars and Patriots
94536,Fremont,9,2D,Enterprising Professionals,2,Upscale Avenues
94538,Fremont,9,2D,Enterprising Professionals,2,Upscale Avenues
94539,Fremont,1,1A,Top Tier,1,Affluent Estates
94541,Hayward,60,13A,International Marketplace,13,Next Wave
94542,Hayward,7,2B,Pleasantville,2,Upscale Avenues
94544,Hayward,60,13A,International Marketplace,13,Next Wave
94545,Hayward,28,7B,Urban Villages,7,Ethnic Enclaves
94546,Castro Valley,7,2B,Pleasantville,2,Upscale Avenues
94547,Hercules,8,2C,Pacific Heights,2,Upscale Avenues
94548,Knightsen,27,7A,Up and Coming Families,7,Ethnic Enclaves
94549,Lafayette,1,1A,Top Tier,1,Affluent Estates
94550,Livermore,7,2B,Pleasantville,1,Affluent Estates
94551,Livermore,13,4A,Soccer Moms,1,Affluent Estates
94552,Castro Valley,2,1B,Professional Pride,1,Affluent Estates
94553,Martinez,7,2B,Pleasantville,8,Middle Ground
94555,Fremont,8,2C,Pacific Heights,2,Upscale Avenues
94556,Moraga,1,1A,Top Tier,1,Affluent Estates
94558,Napa,5,1E,Exurbanites,1,Affluent Estates
94559,Napa,60,13A,International Marketplace,13,Next Wave
94560,Newark,28,7B,Urban Villages,2,Upscale Avenues
94561,Oakley,29,7C,American Dreamers,7,Ethnic Enclaves
94562,Oakville,5,1E,Exurbanites,1,Affluent Estates
94563,Orinda,1,1A,Top Tier,1,Affluent Estates
94564,Pinole,33,8A,City Lights,2,Upscale Avenues
94565,Pittsburg,28,7B,Urban Villages,7,Ethnic Enclaves
94566,Pleasanton,2,1B,Professional Pride,1,Affluent Estates
94567,Pope Valley,23,6C,The Great Outdoors,6,Cozy Country Living
94568,Dublin,9,2D,Enterprising Professionals,2,Upscale Avenues
94569,Port Costa,16,5A,Comfortable Empty Nesters,5,GenXurban
94571,Rio Vista,40,9A,Silver & Gold,9,Senior Styles
94572,Rodeo,7,2B,Pleasantville,2,Upscale Avenues
94573,Rutherford,5,1E,Exurbanites,1,Affluent Estates
94574,Saint Helena,5,1E,Exurbanites,1,Affluent Estates
94577,San Leandro,33,8A,City Lights,8,Middle Ground
94578,San Leandro,60,13A,International Marketplace,8,Middle Ground
94579,San Leandro,7,2B,Pleasantville,2,Upscale Avenues
94580,San Lorenzo,28,7B,Urban Villages,7,Ethnic Enclaves
94582,San Ramon,3,1C,Boomburbs,1,Affluent Estates
94583,San Ramon,4,1D,Savvy Suburbanites,1,Affluent Estates
94585,Suisun City,14,4B,Home Improvement,4,Family Landscapes
94586,Sunol,1,1A,Top Tier,1,Affluent Estates
94587,Union City,8,2C,Pacific Heights,2,Upscale Avenues
94588,Pleasanton,2,1B,Professional Pride,1,Affluent Estates
94589,Vallejo,28,7B,Urban Villages,7,Ethnic Enclaves
94590,Vallejo,37,8E,Front Porches,8,Middle Ground
94591,Vallejo,4,1D,Savvy Suburbanites,1,Affluent Estates
94592,Vallejo,17,5B,In Style,5,GenXurban
94595,Walnut Creek,42,9C,The Elders,9,Senior Styles
94596,Walnut Creek,12,3C,Trendsetters,3,Uptown Individuals
94597,Walnut Creek,6,2A,Urban Chic,2,Upscale Avenues
94598,Walnut Creek,1,1A,Top Tier,1,Affluent Estates
94599,Yountville,68,15,Unclassified,9,Senior Styles
94601,Oakland,60,13A,International Marketplace,13,Next Wave
94602,Oakland,6,2A,Urban Chic,2,Upscale Avenues
94603,Oakland,63,13D,Fresh Ambitions,13,Next Wave
94605,Oakland,51,11A,City Strivers,2,Upscale Avenues
94606,Oakland,12,3C,Trendsetters,3,Uptown Individuals
94607,Oakland,55,11E,City Commons,11,Midtown Singles
94608,Emeryville,12,3C,Trendsetters,3,Uptown Individuals
94609,Oakland,12,3C,Trendsetters,3,Uptown Individuals
94611,Oakland,6,2A,Urban Chic,2,Upscale Avenues
94613,Oakland,67,14C,Dorms to Diplomas,14,Scholars and Patriots
94618,Oakland,6,2A,Urban Chic,2,Upscale Avenues
94619,Oakland,33,8A,City Lights,8,Middle Ground
94621,Oakland,63,13D,Fresh Ambitions,13,Next Wave
94702,Berkeley,33,8A,City Lights,8,Middle Ground
94703,Berkeley,12,3C,Trendsetters,3,Uptown Individuals
94704,Berkeley,67,14C,Dorms to Diplomas,14,Scholars and Patriots
94705,Berkeley,12,3C,Trendsetters,3,Uptown Individuals
94706,Albany,33,8A,City Lights,8,Middle Ground
94707,Berkeley,6,2A,Urban Chic,2,Upscale Avenues
94708,Berkeley,6,2A,Urban Chic,2,Upscale Avenues
94709,Berkeley,66,14B,College Towns,14,Scholars and Patriots
94710,Berkeley,12,3C,Trendsetters,3,Uptown Individuals
94720,Berkeley,67,14C,Dorms to Diplomas,14,Scholars and Patriots
94801,Richmond,63,13D,Fresh Ambitions,13,Next Wave
94803,El Sobrante,33,8A,City Lights,8,Middle Ground
94804,Richmond,28,7B,Urban Villages,13,Next Wave
94805,Richmond,33,8A,City Lights,8,Middle Ground
94806,San Pablo,28,7B,Urban Villages,7,Ethnic Enclaves
94901,San Rafael,12,3C,Trendsetters,13,Next Wave
94903,San Rafael,5,1E,Exurbanites,1,Affluent Estates
94904,Greenbrae,1,1A,Top Tier,1,Affluent Estates
94920,Belvedere Tiburon,1,1A,Top Tier,1,Affluent Estates
94922,Bodega,23,6C,The Great Outdoors,6,Cozy Country Living
94923,Bodega Bay,40,9A,Silver & Gold,9,Senior Styles
94924,Bolinas,34,8B,Emerald City,8,Middle Ground
94925,Corte Madera,6,2A,Urban Chic,2,Upscale Avenues
94928,Rohnert Park,35,8C,Bright Young Professionals,8,Middle Ground
94929,Dillon Beach,23,6C,The Great Outdoors,6,Cozy Country Living
94930,Fairfax,6,2A,Urban Chic,2,Upscale Avenues
94931,Cotati,35,8C,Bright Young Professionals,8,Middle Ground
94933,Forest Knolls,6,2A,Urban Chic,2,Upscale Avenues
94937,Inverness,40,9A,Silver & Gold,9,Senior Styles
94938,Lagunitas,6,2A,Urban Chic,2,Upscale Avenues
94939,Larkspur,6,2A,Urban Chic,2,Upscale Avenues
94940,Marshall,24,6D,Prairie Living,6,Cozy Country Living
94941,Mill Valley,6,2A,Urban Chic,2,Upscale Avenues
94945,Novato,5,1E,Exurbanites,1,Affluent Estates
94946,Nicasio,1,1A,Top Tier,1,Affluent Estates
94947,Novato,33,8A,City Lights,1,Affluent Estates
94949,Novato,6,2A,Urban Chic,2,Upscale Avenues
94950,Olema,24,6D,Prairie Living,6,Cozy Country Living
94951,Penngrove,23,6C,The Great Outdoors,6,Cozy Country Living
94952,Petaluma,33,8A,City Lights,8,Middle Ground
94954,Petaluma,7,2B,Pleasantville,2,Upscale Avenues
94956,Point Reyes Station,6,2A,Urban Chic,2,Upscale Avenues
94957,Ross,1,1A,Top Tier,1,Affluent Estates
94960,San Anselmo,6,2A,Urban Chic,2,Upscale Avenues
94963,San Geronimo,6,2A,Urban Chic,2,Upscale Avenues
94964,San Quentin,68,15,Unclassified,8,Middle Ground
94965,Sausalito,6,2A,Urban Chic,2,Upscale Avenues
94970,Stinson Beach,6,2A,Urban Chic,2,Upscale Avenues
94971,Tomales,23,6C,The Great Outdoors,6,Cozy Country Living
94972,Valley Ford,5,1E,Exurbanites,1,Affluent Estates
94973,Woodacre,6,2A,Urban Chic,2,Upscale Avenues
95002,Alviso,28,7B,Urban Villages,7,Ethnic Enclaves
95004,Aromas,7,2B,Pleasantville,1,Affluent Estates
95005,Ben Lomond,7,2B,Pleasantville,2,Upscale Avenues
95006,Boulder Creek,17,5B,In Style,5,GenXurban
95008,Campbell,33,8A,City Lights,2,Upscale Avenues
95012,Castroville,61,13B,Las Casas,7,Ethnic Enclaves
95013,Coyote,8,2C,Pacific Heights,2,Upscale Avenues
95014,Cupertino,8,2C,Pacific Heights,2,Upscale Avenues
95017,Davenport,6,2A,Urban Chic,2,Upscale Avenues
95018,Felton,6,2A,Urban Chic,2,Upscale Avenues
95020,Gilroy,28,7B,Urban Villages,7,Ethnic Enclaves
95023,Hollister,28,7B,Urban Villages,7,Ethnic Enclaves
95030,Los Gatos,1,1A,Top Tier,1,Affluent Estates
95032,Los Gatos,6,2A,Urban Chic,1,Affluent Estates
95033,Los Gatos,6,2A,Urban Chic,1,Affluent Estates
95035,Milpitas,8,2C,Pacific Heights,2,Upscale Avenues
95037,Morgan Hill,60,13A,International Marketplace,1,Affluent Estates
95039,Moss Landing,31,7E,Valley Growers,7,Ethnic Enclaves
95043,Paicines,23,6C,The Great Outdoors,6,Cozy Country Living
95045,San Juan Bautista,33,8A,City Lights,8,Middle Ground
95046,San Martin,4,1D,Savvy Suburbanites,1,Affluent Estates
95050,Santa Clara,12,3C,Trendsetters,3,Uptown Individuals
95051,Santa Clara,8,2C,Pacific Heights,2,Upscale Avenues
95054,Santa Clara,9,2D,Enterprising Professionals,2,Upscale Avenues
95060,Santa Cruz,6,2A,Urban Chic,2,Upscale Avenues
95066,Scotts Valley,6,2A,Urban Chic,2,Upscale Avenues
95070,Saratoga,1,1A,Top Tier,1,Affluent Estates
95075,Tres Pinos,21,6A,Green Acres,6,Cozy Country Living
95076,Watsonville,28,7B,Urban Villages,7,Ethnic Enclaves
95110,San Jose,60,13A,International Marketplace,13,Next Wave
95111,San Jose,28,7B,Urban Villages,7,Ethnic Enclaves
95112,San Jose,12,3C,Trendsetters,3,Uptown Individuals
95113,San Jose,10,3A,Laptops and Lattes,3,Uptown Individuals
95116,San Jose,61,13B,Las Casas,13,Next Wave
95117,San Jose,60,13A,International Marketplace,13,Next Wave
95118,San Jose,7,2B,Pleasantville,2,Upscale Avenues
95119,San Jose,7,2B,Pleasantville,2,Upscale Avenues
95120,San Jose,1,1A,Top Tier,1,Affluent Estates
95121,San Jose,8,2C,Pacific Heights,2,Upscale Avenues
95122,San Jose,28,7B,Urban Villages,7,Ethnic Enclaves
95123,San Jose,7,2B,Pleasantville,2,Upscale Avenues
95124,San Jose,7,2B,Pleasantville,2,Upscale Avenues
95125,San Jose,6,2A,Urban Chic,2,Upscale Avenues
95126,San Jose,12,3C,Trendsetters,3,Uptown Individuals
95127,San Jose,28,7B,Urban Villages,7,Ethnic Enclaves
95128,San Jose,60,13A,International Marketplace,13,Next Wave
95129,San Jose,8,2C,Pacific Heights,2,Upscale Avenues
95130,San Jose,33,8A,City Lights,8,Middle Ground
95131,San Jose,8,2C,Pacific Heights,2,Upscale Avenues
95132,San Jose,8,2C,Pacific Heights,2,Upscale Avenues
95133,San Jose,8,2C,Pacific Heights,2,Upscale Avenues
95134,San Jose,10,3A,Laptops and Lattes,3,Uptown Individuals
95135,San Jose,2,1B,Professional Pride,1,Affluent Estates
95136,San Jose,9,2D,Enterprising Professionals,2,Upscale Avenues
95138,San Jose,2,1B,Professional Pride,1,Affluent Estates
95139,San Jose,7,2B,Pleasantville,2,Upscale Avenues
95140,Mount Hamilton,8,2C,Pacific Heights,2,Upscale Avenues
95141,San Jose,5,1E,Exurbanites,1,Affluent Estates
95148,San Jose,8,2C,Pacific Heights,2,Upscale Avenues
95202,Stockton,45,9F,Social Security Set,9,Senior Styles
95203,Stockton,19,5D,Rustbelt Traditions,7,Ethnic Enclaves
95204,Stockton,19,5D,Rustbelt Traditions,8,Middle Ground
95205,Stockton,30,7D,Barrios Urbanos,7,Ethnic Enclaves
95206,Stockton,27,7A,Up and Coming Families,7,Ethnic Enclaves
95207,Stockton,37,8E,Front Porches,8,Middle Ground
95209,Stockton,14,4B,Home Improvement,4,Family Landscapes
95210,Stockton,29,7C,American Dreamers,7,Ethnic Enclaves
95211,Stockton,5,1E,Exurbanites,1,Affluent Estates
95212,Stockton,27,7A,Up and Coming Families,7,Ethnic Enclaves
95215,Stockton,30,7D,Barrios Urbanos,7,Ethnic Enclaves
95219,Stockton,27,7A,Up and Coming Families,1,Affluent Estates
95220,Acampo,21,6A,Green Acres,6,Cozy Country Living
95222,Angels Camp,43,9D,Senior Escapes,9,Senior Styles
95223,Arnold,25,6E,Rural Resort Dwellers,6,Cozy Country Living
95224,Avery,40,9A,Silver & Gold,9,Senior Styles
95226,Campo Seco,23,6C,The Great Outdoors,6,Cozy Country Living
95227,Clements,5,1E,Exurbanites,1,Affluent Estates
95228,Copperopolis,23,6C,The Great Outdoors,6,Cozy Country Living
95229,Douglas Flat,23,6C,The Great Outdoors,6,Cozy Country Living
95230,Farmington,21,6A,Green Acres,6,Cozy Country Living
95231,French Camp,28,7B,Urban Villages,7,Ethnic Enclaves
95233,Hathaway Pines,40,9A,Silver & Gold,9,Senior Styles
95236,Linden,21,6A,Green Acres,6,Cozy Country Living
95237,Lockeford,47,10B,Rooted Rural,10,Rustic Outposts
95240,Lodi,31,7E,Valley Growers,13,Next Wave
95242,Lodi,20,5E,Midlife Constants,5,GenXurban
95245,Mokelumne Hill,23,6C,The Great Outdoors,6,Cozy Country Living
95246,Mountain Ranch,23,6C,The Great Outdoors,6,Cozy Country Living
95247,Murphys,43,9D,Senior Escapes,9,Senior Styles
95248,Rail Road Flat,25,6E,Rural Resort Dwellers,6,Cozy Country Living
95249,San Andreas,38,8F,Old and Newcomers,8,Middle Ground
95251,Vallecito,23,6C,The Great Outdoors,6,Cozy Country Living
95252,Valley Springs,21,6A,Green Acres,6,Cozy Country Living
95253,Victor,23,6C,The Great Outdoors,6,Cozy Country Living
95254,Wallace,23,6C,The Great Outdoors,6,Cozy Country Living
95255,West Point,43,9D,Senior Escapes,9,Senior Styles
95257,Wilseyville,43,9D,Senior Escapes,9,Senior Styles
95258,Woodbridge,14,4B,Home Improvement,4,Family Landscapes
95301,Atwater,29,7C,American Dreamers,7,Ethnic Enclaves
95303,Ballico,30,7D,Barrios Urbanos,7,Ethnic Enclaves
95304,Tracy,47,10B,Rooted Rural,1,Affluent Estates
95305,Big Oak Flat,43,9D,Senior Escapes,9,Senior Styles
95306,Catheys Valley,47,10B,Rooted Rural,10,Rustic Outposts
95307,Ceres,27,7A,Up and Coming Families,7,Ethnic Enclaves
95309,Chinese Camp,25,6E,Rural Resort Dwellers,6,Cozy Country Living
95310,Columbia,43,9D,Senior Escapes,9,Senior Styles
95311,Coulterville,43,9D,Senior Escapes,9,Senior Styles
95312,Cressey,46,10A,Southern Satellites,10,Rustic Outposts
95313,Crows Landing,31,7E,Valley Growers,7,Ethnic Enclaves
95315,Delhi,28,7B,Urban Villages,7,Ethnic Enclaves
95316,Denair,21,6A,Green Acres,6,Cozy Country Living
95317,El Nido,31,7E,Valley Growers,7,Ethnic Enclaves
95318,El Portal,34,8B,Emerald City,8,Middle Ground
95320,Escalon,14,4B,Home Improvement,4,Family Landscapes
95321,Groveland,40,9A,Silver & Gold,9,Senior Styles
95322,Gustine,28,7B,Urban Villages,7,Ethnic Enclaves
95323,Hickman,21,6A,Green Acres,6,Cozy Country Living
95324,Hilmar,22,6B,Salt of the Earth,6,Cozy Country Living
95325,Hornitos,25,6E,Rural Resort Dwellers,6,Cozy Country Living
95326,Hughson,27,7A,Up and Coming Families,7,Ethnic Enclaves
95327,Jamestown,68,15,Unclassified,9,Senior Styles
95328,Keyes,30,7D,Barrios Urbanos,7,Ethnic Enclaves
95329,La Grange,23,6C,The Great Outdoors,6,Cozy Country Living
95330,Lathrop,27,7A,Up and Coming Families,7,Ethnic Enclaves
95333,Le Grand,30,7D,Barrios Urbanos,7,Ethnic Enclaves
95334,Livingston,28,7B,Urban Villages,7,Ethnic Enclaves
95335,Long Barn,25,6E,Rural Resort Dwellers,6,Cozy Country Living
95336,Manteca,14,4B,Home Improvement,4,Family Landscapes
95337,Manteca,15,4C,Middleburg,4,Family Landscapes
95338,Mariposa,23,6C,The Great Outdoors,6,Cozy Country Living
95340,Merced,13,4A,Soccer Moms,8,Middle Ground
95341,Merced,30,7D,Barrios Urbanos,7,Ethnic Enclaves
95343,Merced,31,7E,Valley Growers,7,Ethnic Enclaves
95345,Midpines,23,6C,The Great Outdoors,6,Cozy Country Living
95346,Mi Wuk Village,25,6E,Rural Resort Dwellers,6,Cozy Country Living
95348,Merced,27,7A,Up and Coming Families,7,Ethnic Enclaves
95350,Modesto,37,8E,Front Porches,5,GenXurban
95351,Modesto,30,7D,Barrios Urbanos,7,Ethnic Enclaves
95354,Modesto,63,13D,Fresh Ambitions,8,Middle Ground
95355,Modesto,13,4A,Soccer Moms,5,GenXurban
95356,Modesto,13,4A,Soccer Moms,4,Family Landscapes
95357,Modesto,30,7D,Barrios Urbanos,7,Ethnic Enclaves
95358,Modesto,30,7D,Barrios Urbanos,7,Ethnic Enclaves
95360,Newman,28,7B,Urban Villages,7,Ethnic Enclaves
95361,Oakdale,27,7A,Up and Coming Families,6,Cozy Country Living
95363,Patterson,27,7A,Up and Coming Families,7,Ethnic Enclaves
95364,Pinecrest,25,6E,Rural Resort Dwellers,6,Cozy Country Living
95365,Planada,31,7E,Valley Growers,7,Ethnic Enclaves
95366,Ripon,13,4A,Soccer Moms,4,Family Landscapes
95367,Riverbank,27,7A,Up and Coming Families,7,Ethnic Enclaves
95368,Salida,13,4A,Soccer Moms,4,Family Landscapes
95369,Snelling,46,10A,Southern Satellites,10,Rustic Outposts
95370,Sonora,23,6C,The Great Outdoors,9,Senior Styles
95372,Soulsbyville,22,6B,Salt of the Earth,6,Cozy Country Living
95374,Stevinson,29,7C,American Dreamers,7,Ethnic Enclaves
95375,Strawberry,25,6E,Rural Resort Dwellers,6,Cozy Country Living
95376,Tracy,13,4A,Soccer Moms,7,Ethnic Enclaves
95377,Tracy,3,1C,Boomburbs,1,Affluent Estates
95379,Tuolumne,23,6C,The Great Outdoors,6,Cozy Country Living
95380,Turlock,30,7D,Barrios Urbanos,7,Ethnic Enclaves
95382,Turlock,27,7A,Up and Coming Families,8,Middle Ground
95383,Twain Harte,25,6E,Rural Resort Dwellers,6,Cozy Country Living
95385,Vernalis,30,7D,Barrios Urbanos,7,Ethnic Enclaves
95386,Waterford,30,7D,Barrios Urbanos,7,Ethnic Enclaves
95387,Westley,31,7E,Valley Growers,7,Ethnic Enclaves
95388,Winton,30,7D,Barrios Urbanos,7,Ethnic Enclaves
95389,Yosemite National Park,34,8B,Emerald City,8,Middle Ground
95391,Tracy,3,1C,Boomburbs,1,Affluent Estates
95401,Santa Rosa,14,4B,Home Improvement,8,Middle Ground
95403,Santa Rosa,14,4B,Home Improvement,4,Family Landscapes
95404,Santa Rosa,5,1E,Exurbanites,1,Affluent Estates
95405,Santa Rosa,33,8A,City Lights,8,Middle Ground
95407,Santa Rosa,28,7B,Urban Villages,7,Ethnic Enclaves
95409,Santa Rosa,42,9C,The Elders,9,Senior Styles
95410,Albion,25,6E,Rural Resort Dwellers,6,Cozy Country Living
95412,Annapolis,23,6C,The Great Outdoors,6,Cozy Country Living
95415,Boonville,49,10D,Down the Road,10,Rustic Outposts
95417,Branscomb,23,6C,The Great Outdoors,6,Cozy Country Living
95419,Camp Meeker,6,2A,Urban Chic,2,Upscale Avenues
95420,Caspar,23,6C,The Great Outdoors,6,Cozy Country Living
95421,Cazadero,23,6C,The Great Outdoors,6,Cozy Country Living
95422,Clearlake,58,12C,Small Town Simplicity,12,Hometown
95423,Clearlake Oaks,43,9D,Senior Escapes,9,Senior Styles
95425,Cloverdale,21,6A,Green Acres,6,Cozy Country Living
95426,Cobb,23,6C,The Great Outdoors,6,Cozy Country Living
95427,Comptche,23,6C,The Great Outdoors,6,Cozy Country Living
95428,Covelo,58,12C,Small Town Simplicity,6,Cozy Country Living
95429,Dos Rios,23,6C,The Great Outdoors,6,Cozy Country Living
95430,Duncans Mills,25,6E,Rural Resort Dwellers,6,Cozy Country Living
95432,Elk,25,6E,Rural Resort Dwellers,6,Cozy Country Living
95436,Forestville,23,6C,The Great Outdoors,6,Cozy Country Living
95437,Fort Bragg,23,6C,The Great Outdoors,6,Cozy Country Living
95441,Geyserville,6,2A,Urban Chic,2,Upscale Avenues
95442,Glen Ellen,5,1E,Exurbanites,1,Affluent Estates
95443,Glenhaven,25,6E,Rural Resort Dwellers,6,Cozy Country Living
95444,Graton,23,6C,The Great Outdoors,6,Cozy Country Living
95445,Gualala,23,6C,The Great Outdoors,6,Cozy Country Living
95446,Guerneville,23,6C,The Great Outdoors,6,Cozy Country Living
95448,Healdsburg,5,1E,Exurbanites,1,Affluent Estates
95449,Hopland,33,8A,City Lights,8,Middle Ground
95450,Jenner,25,6E,Rural Resort Dwellers,6,Cozy Country Living
95451,Kelseyville,23,6C,The Great Outdoors,6,Cozy Country Living
95452,Kenwood,23,6C,The Great Outdoors,6,Cozy Country Living
95453,Lakeport,43,9D,Senior Escapes,6,Cozy Country Living
95454,Laytonville,58,12C,Small Town Simplicity,12,Hometown
95456,Little River,25,6E,Rural Resort Dwellers,6,Cozy Country Living
95457,Lower Lake,23,6C,The Great Outdoors,6,Cozy Country Living
95458,Lucerne,43,9D,Senior Escapes,9,Senior Styles
95459,Manchester,25,6E,Rural Resort Dwellers,6,Cozy Country Living
95460,Mendocino,23,6C,The Great Outdoors,6,Cozy Country Living
95461,Middletown,23,6C,The Great Outdoors,6,Cozy Country Living
95462,Monte Rio,23,6C,The Great Outdoors,6,Cozy Country Living
95464,Nice,58,12C,Small Town Simplicity,12,Hometown
95465,Occidental,23,6C,The Great Outdoors,6,Cozy Country Living
95466,Philo,23,6C,The Great Outdoors,6,Cozy Country Living
95467,Hidden Valley Lake,21,6A,Green Acres,6,Cozy Country Living
95468,Point Arena,23,6C,The Great Outdoors,6,Cozy Country Living
95469,Potter Valley,23,6C,The Great Outdoors,6,Cozy Country Living
95470,Redwood Valley,23,6C,The Great Outdoors,6,Cozy Country Living
95472,Sebastopol,5,1E,Exurbanites,1,Affluent Estates
95476,Sonoma,33,8A,City Lights,9,Senior Styles
95480,Stewarts Point,23,6C,The Great Outdoors,6,Cozy Country Living
95482,Ukiah,37,8E,Front Porches,8,Middle Ground
95485,Upper Lake,47,10B,Rooted Rural,10,Rustic Outposts
95486,Villa Grande,23,6C,The Great Outdoors,6,Cozy Country Living
95488,Westport,25,6E,Rural Resort Dwellers,6,Cozy Country Living
95490,Willits,23,6C,The Great Outdoors,6,Cozy Country Living
95492,Windsor,3,1C,Boomburbs,1,Affluent Estates
95493,Witter Springs,25,6E,Rural Resort Dwellers,6,Cozy Country Living
95494,Yorkville,23,6C,The Great Outdoors,6,Cozy Country Living
95497,The Sea Ranch,40,9A,Silver & Gold,9,Senior Styles
95501,Eureka,54,11D,Set to Impress,11,Midtown Singles
95503,Eureka,23,6C,The Great Outdoors,5,GenXurban
95511,Alderpoint,23,6C,The Great Outdoors,6,Cozy Country Living
95514,Blocksburg,23,6C,The Great Outdoors,6,Cozy Country Living
95519,Mckinleyville,23,6C,The Great Outdoors,8,Middle Ground
95521,Arcata,66,14B,College Towns,14,Scholars and Patriots
95524,Bayside,23,6C,The Great Outdoors,6,Cozy Country Living
95525,Blue Lake,38,8F,Old and Newcomers,8,Middle Ground
95526,Bridgeville,23,6C,The Great Outdoors,6,Cozy Country Living
95527,Burnt Ranch,43,9D,Senior Escapes,9,Senior Styles
95528,Carlotta,23,6C,The Great Outdoors,6,Cozy Country Living
95531,Crescent City,47,10B,Rooted Rural,10,Rustic Outposts
95536,Ferndale,17,5B,In Style,5,GenXurban
95537,Fields Landing,58,12C,Small Town Simplicity,12,Hometown
95540,Fortuna,23,6C,The Great Outdoors,6,Cozy Country Living
95542,Garberville,23,6C,The Great Outdoors,6,Cozy Country Living
95543,Gasquet,43,9D,Senior Escapes,9,Senior Styles
95546,Hoopa,49,10D,Down the Road,10,Rustic Outposts
95547,Hydesville,23,6C,The Great Outdoors,6,Cozy Country Living
95548,Klamath,43,9D,Senior Escapes,9,Senior Styles
95549,Kneeland,23,6C,The Great Outdoors,6,Cozy Country Living
95550,Korbel,23,6C,The Great Outdoors,6,Cozy Country Living
95551,Loleta,26,6F,Heartland Communities,6,Cozy Country Living
95552,Mad River,25,6E,Rural Resort Dwellers,6,Cozy Country Living
95553,Miranda,23,6C,The Great Outdoors,6,Cozy Country Living
95554,Myers Flat,23,6C,The Great Outdoors,6,Cozy Country Living
95555,Orick,23,6C,The Great Outdoors,6,Cozy Country Living
95556,Orleans,23,6C,The Great Outdoors,6,Cozy Country Living
95558,Petrolia,23,6C,The Great Outdoors,6,Cozy Country Living
95559,Phillipsville,23,6C,The Great Outdoors,6,Cozy Country Living
95560,Redway,49,10D,Down the Road,10,Rustic Outposts
95562,Rio Dell,37,8E,Front Porches,8,Middle Ground
95563,Salyer,43,9D,Senior Escapes,9,Senior Styles
95564,Samoa,37,8E,Front Porches,8,Middle Ground
95565,Scotia,57,12B,Traditional Living,12,Hometown
95567,Smith River,43,9D,Senior Escapes,9,Senior Styles
95568,Somes Bar,43,9D,Senior Escapes,9,Senior Styles
95569,Redcrest,57,12B,Traditional Living,6,Cozy Country Living
95570,Trinidad,23,6C,The Great Outdoors,6,Cozy Country Living
95571,Weott,23,6C,The Great Outdoors,6,Cozy Country Living
95573,Willow Creek,23,6C,The Great Outdoors,6,Cozy Country Living
95585,Leggett,58,12C,Small Town Simplicity,12,Hometown
95587,Piercy,23,6C,The Great Outdoors,6,Cozy Country Living
95589,Whitethorn,23,6C,The Great Outdoors,6,Cozy Country Living
95595,Zenia,23,6C,The Great Outdoors,6,Cozy Country Living
95601,Amador City,25,6E,Rural Resort Dwellers,6,Cozy Country Living
95602,Auburn,5,1E,Exurbanites,1,Affluent Estates
95603,Auburn,5,1E,Exurbanites,5,GenXurban
95605,West Sacramento,37,8E,Front Porches,8,Middle Ground
95606,Brooks,24,6D,Prairie Living,6,Cozy Country Living
95607,Capay,24,6D,Prairie Living,6,Cozy Country Living
95608,Carmichael,38,8F,Old and Newcomers,5,GenXurban
95610,Citrus Heights,18,5C,Parks and Rec,5,GenXurban
95612,Clarksburg,24,6D,Prairie Living,6,Cozy Country Living
95613,Coloma,4,1D,Savvy Suburbanites,1,Affluent Estates
95614,Cool,21,6A,Green Acres,6,Cozy Country Living
95615,Courtland,28,7B,Urban Villages,7,Ethnic Enclaves
95616,Davis,66,14B,College Towns,14,Scholars and Patriots
95618,Davis,66,14B,College Towns,2,Upscale Avenues
95619,Diamond Springs,23,6C,The Great Outdoors,6,Cozy Country Living
95620,Dixon,13,4A,Soccer Moms,4,Family Landscapes
95621,Citrus Heights,14,4B,Home Improvement,5,GenXurban
95623,El Dorado,23,6C,The Great Outdoors,6,Cozy Country Living
95624,Elk Grove,3,1C,Boomburbs,1,Affluent Estates
95626,Elverta,14,4B,Home Improvement,4,Family Landscapes
95627,Esparto,28,7B,Urban Villages,7,Ethnic Enclaves
95628,Fair Oaks,5,1E,Exurbanites,5,GenXurban
95629,Fiddletown,25,6E,Rural Resort Dwellers,6,Cozy Country Living
95630,Folsom,3,1C,Boomburbs,1,Affluent Estates
95631,Foresthill,23,6C,The Great Outdoors,6,Cozy Country Living
95632,Galt,29,7C,American Dreamers,7,Ethnic Enclaves
95633,Garden Valley,23,6C,The Great Outdoors,6,Cozy Country Living
95634,Georgetown,23,6C,The Great Outdoors,6,Cozy Country Living
95635,Greenwood,23,6C,The Great Outdoors,6,Cozy Country Living
95636,Grizzly Flats,23,6C,The Great Outdoors,6,Cozy Country Living
95637,Guinda,24,6D,Prairie Living,6,Cozy Country Living
95638,Herald,7,2B,Pleasantville,2,Upscale Avenues
95639,Hood,23,6C,The Great Outdoors,6,Cozy Country Living
95640,Ione,21,6A,Green Acres,6,Cozy Country Living
95641,Isleton,43,9D,Senior Escapes,9,Senior Styles
95642,Jackson,23,6C,The Great Outdoors,5,GenXurban
95645,Knights Landing,47,10B,Rooted Rural,10,Rustic Outposts
95646,Kirkwood,23,6C,The Great Outdoors,6,Cozy Country Living
95648,Lincoln,3,1C,Boomburbs,9,Senior Styles
95650,Loomis,5,1E,Exurbanites,1,Affluent Estates
95651,Lotus,4,1D,Savvy Suburbanites,1,Affluent Estates
95652,Mcclellan,53,11C,Metro Fusion,11,Midtown Singles
95653,Madison,28,7B,Urban Villages,7,Ethnic Enclaves
95655,Mather,3,1C,Boomburbs,1,Affluent Estates
95658,Newcastle,5,1E,Exurbanites,1,Affluent Estates
95659,Nicolaus,23,6C,The Great Outdoors,6,Cozy Country Living
95660,North Highlands,19,5D,Rustbelt Traditions,5,GenXurban
95661,Roseville,17,5B,In Style,5,GenXurban
95662,Orangevale,14,4B,Home Improvement,5,GenXurban
95663,Penryn,5,1E,Exurbanites,1,Affluent Estates
95664,Pilot Hill,5,1E,Exurbanites,1,Affluent Estates
95665,Pine Grove,16,5A,Comfortable Empty Nesters,5,GenXurban
95666,Pioneer,25,6E,Rural Resort Dwellers,6,Cozy Country Living
95667,Placerville,23,6C,The Great Outdoors,6,Cozy Country Living
95668,Pleasant Grove,21,6A,Green Acres,6,Cozy Country Living
95669,Plymouth,23,6C,The Great Outdoors,6,Cozy Country Living
95670,Rancho Cordova,37,8E,Front Porches,8,Middle Ground
95672,Rescue,4,1D,Savvy Suburbanites,1,Affluent Estates
95673,Rio Linda,29,7C,American Dreamers,7,Ethnic Enclaves
95674,Rio Oso,21,6A,Green Acres,6,Cozy Country Living
95676,Robbins,46,10A,Southern Satellites,10,Rustic Outposts
95677,Rocklin,17,5B,In Style,5,GenXurban
95678,Roseville,35,8C,Bright Young Professionals,8,Middle Ground
95679,Rumsey,24,6D,Prairie Living,6,Cozy Country Living
95681,Sheridan,21,6A,Green Acres,6,Cozy Country Living
95682,Shingle Springs,5,1E,Exurbanites,1,Affluent Estates
95683,Sloughhouse,5,1E,Exurbanites,1,Affluent Estates
95684,Somerset,23,6C,The Great Outdoors,6,Cozy Country Living
95685,Sutter Creek,43,9D,Senior Escapes,9,Senior Styles
95686,Thornton,28,7B,Urban Villages,7,Ethnic Enclaves
95687,Vacaville,13,4A,Soccer Moms,4,Family Landscapes
95688,Vacaville,5,1E,Exurbanites,1,Affluent Estates
95689,Volcano,40,9A,Silver & Gold,9,Senior Styles
95690,Walnut Grove,7,2B,Pleasantville,2,Upscale Avenues
95691,West Sacramento,27,7A,Up and Coming Families,8,Middle Ground
95692,Wheatland,15,4C,Middleburg,4,Family Landscapes
95693,Wilton,4,1D,Savvy Suburbanites,1,Affluent Estates
95694,Winters,28,7B,Urban Villages,7,Ethnic Enclaves
95695,Woodland,37,8E,Front Porches,8,Middle Ground
95697,Yolo,28,7B,Urban Villages,7,Ethnic Enclaves
95698,Zamora,46,10A,Southern Satellites,10,Rustic Outposts
95699,Drytown,23,6C,The Great Outdoors,6,Cozy Country Living
95701,Alta,23,6C,The Great Outdoors,6,Cozy Country Living
95703,Applegate,23,6C,The Great Outdoors,6,Cozy Country Living
95709,Camino,23,6C,The Great Outdoors,6,Cozy Country Living
95713,Colfax,23,6C,The Great Outdoors,6,Cozy Country Living
95714,Dutch Flat,23,6C,The Great Outdoors,6,Cozy Country Living
95715,Emigrant Gap,23,6C,The Great Outdoors,6,Cozy Country Living
95717,Gold Run,23,6C,The Great Outdoors,6,Cozy Country Living
95720,Kyburz,25,6E,Rural Resort Dwellers,6,Cozy Country Living
95722,Meadow Vista,5,1E,Exurbanites,1,Affluent Estates
95724,Norden,23,6C,The Great Outdoors,6,Cozy Country Living
95726,Pollock Pines,23,6C,The Great Outdoors,6,Cozy Country Living
95728,Soda Springs,23,6C,The Great Outdoors,6,Cozy Country Living
95735,Twin Bridges,25,6E,Rural Resort Dwellers,6,Cozy Country Living
95742,Rancho Cordova,3,1C,Boomburbs,1,Affluent Estates
95746,Granite Bay,5,1E,Exurbanites,1,Affluent Estates
95747,Roseville,3,1C,Boomburbs,1,Affluent Estates
95757,Elk Grove,3,1C,Boomburbs,1,Affluent Estates
95758,Elk Grove,13,4A,Soccer Moms,4,Family Landscapes
95762,El Dorado Hills,2,1B,Professional Pride,1,Affluent Estates
95765,Rocklin,3,1C,Boomburbs,1,Affluent Estates
95776,Woodland,27,7A,Up and Coming Families,7,Ethnic Enclaves
95811,Sacramento,11,3B,Metro Renters,3,Uptown Individuals
95814,Sacramento,45,9F,Social Security Set,9,Senior Styles
95815,Sacramento,39,8G,Hardscrabble Road,8,Middle Ground
95816,Sacramento,11,3B,Metro Renters,3,Uptown Individuals
95818,Sacramento,6,2A,Urban Chic,11,Midtown Singles
95819,Sacramento,17,5B,In Style,5,GenXurban
95821,Sacramento,37,8E,Front Porches,8,Middle Ground
95823,Sacramento,29,7C,American Dreamers,7,Ethnic Enclaves
95825,Sacramento,52,11B,Young and Restless,11,Midtown Singles
95827,Sacramento,18,5C,Parks and Rec,8,Middle Ground
95828,Sacramento,29,7C,American Dreamers,7,Ethnic Enclaves
95829,Sacramento,13,4A,Soccer Moms,4,Family Landscapes
95830,Sacramento,2,1B,Professional Pride,1,Affluent Estates
95831,Sacramento,35,8C,Bright Young Professionals,8,Middle Ground
95832,Sacramento,29,7C,American Dreamers,7,Ethnic Enclaves
95833,Sacramento,52,11B,Young and Restless,11,Midtown Singles
95834,Sacramento,35,8C,Bright Young Professionals,8,Middle Ground
95835,Sacramento,27,7A,Up and Coming Families,7,Ethnic Enclaves
95837,Sacramento,5,1E,Exurbanites,1,Affluent Estates
95838,Sacramento,29,7C,American Dreamers,7,Ethnic Enclaves
95841,Sacramento,37,8E,Front Porches,11,Midtown Singles
95842,Sacramento,53,11C,Metro Fusion,11,Midtown Singles
95843,Antelope,13,4A,Soccer Moms,4,Family Landscapes
95864,Sacramento,5,1E,Exurbanites,1,Affluent Estates
95901,Marysville,27,7A,Up and Coming Families,8,Middle Ground
95903,Beale Afb,65,14A,Military Proximity,14,Scholars and Patriots
95910,Alleghany,25,6E,Rural Resort Dwellers,6,Cozy Country Living
95912,Arbuckle,30,7D,Barrios Urbanos,7,Ethnic Enclaves
95913,Artois,47,10B,Rooted Rural,10,Rustic Outposts
95914,Bangor,23,6C,The Great Outdoors,6,Cozy Country Living
95915,Belden,23,6C,The Great Outdoors,6,Cozy Country Living
95916,Berry Creek,43,9D,Senior Escapes,9,Senior Styles
95917,Biggs,28,7B,Urban Villages,7,Ethnic Enclaves
95918,Browns Valley,23,6C,The Great Outdoors,6,Cozy Country Living
95919,Brownsville,43,9D,Senior Escapes,9,Senior Styles
95920,Butte City,47,10B,Rooted Rural,10,Rustic Outposts
95922,Camptonville,23,6C,The Great Outdoors,6,Cozy Country Living
95923,Canyon Dam,40,9A,Silver & Gold,9,Senior Styles
95925,Challenge,43,9D,Senior Escapes,9,Senior Styles
95926,Chico,67,14C,Dorms to Diplomas,14,Scholars and Patriots
95928,Chico,67,14C,Dorms to Diplomas,14,Scholars and Patriots
95930,Clipper Mills,43,9D,Senior Escapes,9,Senior Styles
95932,Colusa,28,7B,Urban Villages,7,Ethnic Enclaves
95934,Crescent Mills,23,6C,The Great Outdoors,6,Cozy Country Living
95935,Dobbins,23,6C,The Great Outdoors,6,Cozy Country Living
95936,Downieville,25,6E,Rural Resort Dwellers,6,Cozy Country Living
95937,Dunnigan,46,10A,Southern Satellites,10,Rustic Outposts
95938,Durham,17,5B,In Style,5,GenXurban
95939,Elk Creek,25,6E,Rural Resort Dwellers,6,Cozy Country Living
95941,Forbestown,43,9D,Senior Escapes,9,Senior Styles
95942,Forest Ranch,5,1E,Exurbanites,1,Affluent Estates
95943,Glenn,24,6D,Prairie Living,6,Cozy Country Living
95944,Goodyears Bar,25,6E,Rural Resort Dwellers,6,Cozy Country Living
95945,Grass Valley,23,6C,The Great Outdoors,6,Cozy Country Living
95946,Penn Valley,23,6C,The Great Outdoors,6,Cozy Country Living
95947,Greenville,58,12C,Small Town Simplicity,6,Cozy Country Living
95948,Gridley,32,7F,Southwestern Families,7,Ethnic Enclaves
95949,Grass Valley,23,6C,The Great Outdoors,6,Cozy Country Living
95950,Grimes,31,7E,Valley Growers,7,Ethnic Enclaves
95951,Hamilton City,31,7E,Valley Growers,7,Ethnic Enclaves
95953,Live Oak,32,7F,Southwestern Families,7,Ethnic Enclaves
95954,Magalia,43,9D,Senior Escapes,9,Senior Styles
95955,Maxwell,28,7B,Urban Villages,7,Ethnic Enclaves
95957,Meridian,24,6D,Prairie Living,6,Cozy Country Living
95958,Nelson,21,6A,Green Acres,6,Cozy Country Living
95959,Nevada City,23,6C,The Great Outdoors,6,Cozy Country Living
95960,North San Juan,23,6C,The Great Outdoors,6,Cozy Country Living
95961,Olivehurst,27,7A,Up and Coming Families,7,Ethnic Enclaves
95962,Oregon House,23,6C,The Great Outdoors,6,Cozy Country Living
95963,Orland,23,6C,The Great Outdoors,6,Cozy Country Living
95965,Oroville,50,10E,Rural Bypasses,10,Rustic Outposts
95966,Oroville,43,9D,Senior Escapes,9,Senior Styles
95968,Palermo,49,10D,Down the Road,10,Rustic Outposts
95969,Paradise,43,9D,Senior Escapes,9,Senior Styles
95970,Princeton,24,6D,Prairie Living,6,Cozy Country Living
95971,Quincy,38,8F,Old and Newcomers,5,GenXurban
95973,Chico,35,8C,Bright Young Professionals,8,Middle Ground
95974,Richvale,24,6D,Prairie Living,6,Cozy Country Living
95975,Rough And Ready,23,6C,The Great Outdoors,6,Cozy Country Living
95977,Smartsville,23,6C,The Great Outdoors,6,Cozy Country Living
95979,Stonyford,43,9D,Senior Escapes,9,Senior Styles
95981,Strawberry Valley,23,6C,The Great Outdoors,6,Cozy Country Living
95982,Sutter,21,6A,Green Acres,6,Cozy Country Living
95983,Taylorsville,25,6E,Rural Resort Dwellers,6,Cozy Country Living
95984,Twain,23,6C,The Great Outdoors,6,Cozy Country Living
95986,Washington,23,6C,The Great Outdoors,6,Cozy Country Living
95987,Williams,15,4C,Middleburg,7,Ethnic Enclaves
95988,Willows,22,6B,Salt of the Earth,6,Cozy Country Living
95991,Yuba City,27,7A,Up and Coming Families,7,Ethnic Enclaves
95993,Yuba City,16,5A,Comfortable Empty Nesters,5,GenXurban
96001,Redding,5,1E,Exurbanites,5,GenXurban
96002,Redding,38,8F,Old and Newcomers,8,Middle Ground
96003,Redding,23,6C,The Great Outdoors,6,Cozy Country Living
96006,Adin,23,6C,The Great Outdoors,6,Cozy Country Living
96007,Anderson,23,6C,The Great Outdoors,6,Cozy Country Living
96008,Bella Vista,23,6C,The Great Outdoors,6,Cozy Country Living
96010,Big Bar,43,9D,Senior Escapes,9,Senior Styles
96013,Burney,20,5E,Midlife Constants,5,GenXurban
96014,Callahan,25,6E,Rural Resort Dwellers,6,Cozy Country Living
96015,Canby,43,9D,Senior Escapes,9,Senior Styles
96016,Cassel,25,6E,Rural Resort Dwellers,6,Cozy Country Living
96017,Castella,25,6E,Rural Resort Dwellers,6,Cozy Country Living
96019,Shasta Lake,19,5D,Rustbelt Traditions,5,GenXurban
96020,Chester,23,6C,The Great Outdoors,6,Cozy Country Living
96021,Corning,47,10B,Rooted Rural,10,Rustic Outposts
96022,Cottonwood,23,6C,The Great Outdoors,6,Cozy Country Living
96023,Dorris,26,6F,Heartland Communities,6,Cozy Country Living
96024,Douglas City,23,6C,The Great Outdoors,6,Cozy Country Living
96025,Dunsmuir,58,12C,Small Town Simplicity,12,Hometown
96027,Etna,23,6C,The Great Outdoors,6,Cozy Country Living
96028,Fall River Mills,23,6C,The Great Outdoors,6,Cozy Country Living
96031,Forks Of Salmon,25,6E,Rural Resort Dwellers,6,Cozy Country Living
96032,Fort Jones,23,6C,The Great Outdoors,6,Cozy Country Living
96033,French Gulch,23,6C,The Great Outdoors,6,Cozy Country Living
96034,Gazelle,43,9D,Senior Escapes,9,Senior Styles
96035,Gerber,49,10D,Down the Road,10,Rustic Outposts
96037,Greenview,23,6C,The Great Outdoors,6,Cozy Country Living
96038,Grenada,43,9D,Senior Escapes,9,Senior Styles
96039,Happy Camp,43,9D,Senior Escapes,9,Senior Styles
96040,Hat Creek,25,6E,Rural Resort Dwellers,6,Cozy Country Living
96041,Hayfork,43,9D,Senior Escapes,9,Senior Styles
96044,Hornbrook,43,9D,Senior Escapes,9,Senior Styles
96046,Hyampom,43,9D,Senior Escapes,9,Senior Styles
96047,Igo,23,6C,The Great Outdoors,6,Cozy Country Living
96048,Junction City,43,9D,Senior Escapes,9,Senior Styles
96050,Klamath River,43,9D,Senior Escapes,9,Senior Styles
96051,Lakehead,40,9A,Silver & Gold,9,Senior Styles
96052,Lewiston,25,6E,Rural Resort Dwellers,6,Cozy Country Living
96054,Lookout,23,6C,The Great Outdoors,6,Cozy Country Living
96055,Los Molinos,23,6C,The Great Outdoors,10,Rustic Outposts
96056,Mcarthur,25,6E,Rural Resort Dwellers,6,Cozy Country Living
96057,Mccloud,43,9D,Senior Escapes,9,Senior Styles
96058,Macdoel,26,6F,Heartland Communities,6,Cozy Country Living
96059,Manton,25,6E,Rural Resort Dwellers,6,Cozy Country Living
96061,Mill Creek,25,6E,Rural Resort Dwellers,6,Cozy Country Living
96062,Millville,23,6C,The Great Outdoors,6,Cozy Country Living
96063,Mineral,25,6E,Rural Resort Dwellers,6,Cozy Country Living
96064,Montague,43,9D,Senior Escapes,9,Senior Styles
96065,Montgomery Creek,23,6C,The Great Outdoors,6,Cozy Country Living
96067,Mount Shasta,23,6C,The Great Outdoors,6,Cozy Country Living
96068,Nubieber,24,6D,Prairie Living,6,Cozy Country Living
96069,Oak Run,23,6C,The Great Outdoors,6,Cozy Country Living
96071,Old Station,25,6E,Rural Resort Dwellers,6,Cozy Country Living
96073,Palo Cedro,16,5A,Comfortable Empty Nesters,5,GenXurban
96075,Paynes Creek,25,6E,Rural Resort Dwellers,6,Cozy Country Living
96076,Platina,23,6C,The Great Outdoors,6,Cozy Country Living
96078,Proberta,47,10B,Rooted Rural,10,Rustic Outposts
96080,Red Bluff,23,6C,The Great Outdoors,11,Midtown Singles
96084,Round Mountain,23,6C,The Great Outdoors,6,Cozy Country Living
96085,Scott Bar,23,6C,The Great Outdoors,6,Cozy Country Living
96086,Seiad Valley,43,9D,Senior Escapes,9,Senior Styles
96087,Shasta,23,6C,The Great Outdoors,6,Cozy Country Living
96088,Shingletown,43,9D,Senior Escapes,9,Senior Styles
96090,Tehama,48,10C,Diners & Miners,10,Rustic Outposts
96091,Trinity Center,25,6E,Rural Resort Dwellers,6,Cozy Country Living
96093,Weaverville,38,8F,Old and Newcomers,8,Middle Ground
96094,Weed,23,6C,The Great Outdoors,6,Cozy Country Living
96096,Whitmore,23,6C,The Great Outdoors,6,Cozy Country Living
96097,Yreka,58,12C,Small Town Simplicity,12,Hometown
96101,Alturas,58,12C,Small Town Simplicity,12,Hometown
96103,Blairsden Graeagle,40,9A,Silver & Gold,9,Senior Styles
96104,Cedarville,25,6E,Rural Resort Dwellers,6,Cozy Country Living
96105,Chilcoot,25,6E,Rural Resort Dwellers,6,Cozy Country Living
96106,Clio,40,9A,Silver & Gold,9,Senior Styles
96107,Coleville,43,9D,Senior Escapes,9,Senior Styles
96108,Davis Creek,43,9D,Senior Escapes,9,Senior Styles
96109,Doyle,47,10B,Rooted Rural,10,Rustic Outposts
96111,Floriston,23,6C,The Great Outdoors,6,Cozy Country Living
96112,Fort Bidwell,23,6C,The Great Outdoors,6,Cozy Country Living
96113,Herlong,53,11C,Metro Fusion,11,Midtown Singles
96114,Janesville,21,6A,Green Acres,6,Cozy Country Living
96115,Lake City,23,6C,The Great Outdoors,6,Cozy Country Living
96116,Likely,25,6E,Rural Resort Dwellers,6,Cozy Country Living
96117,Litchfield,23,6C,The Great Outdoors,6,Cozy Country Living
96118,Loyalton,23,6C,The Great Outdoors,6,Cozy Country Living
96119,Madeline,43,9D,Senior Escapes,9,Senior Styles
96120,Markleeville,23,6C,The Great Outdoors,6,Cozy Country Living
96121,Milford,23,6C,The Great Outdoors,6,Cozy Country Living
96122,Portola,58,12C,Small Town Simplicity,10,Rustic Outposts
96123,Ravendale,43,9D,Senior Escapes,9,Senior Styles
96124,Calpine,25,6E,Rural Resort Dwellers,6,Cozy Country Living
96125,Sierra City,25,6E,Rural Resort Dwellers,6,Cozy Country Living
96126,Sierraville,23,6C,The Great Outdoors,6,Cozy Country Living
96128,Standish,23,6C,The Great Outdoors,6,Cozy Country Living
96129,Beckwourth,25,6E,Rural Resort Dwellers,6,Cozy Country Living
96130,Susanville,68,15,Unclassified,6,Cozy Country Living
96132,Termo,43,9D,Senior Escapes,9,Senior Styles
96134,Tulelake,58,12C,Small Town Simplicity,12,Hometown
96135,Vinton,25,6E,Rural Resort Dwellers,6,Cozy Country Living
96136,Wendel,23,6C,The Great Outdoors,6,Cozy Country Living
96137,Westwood,25,6E,Rural Resort Dwellers,6,Cozy Country Living
96140,Carnelian Bay,17,5B,In Style,5,GenXurban
96141,Homewood,6,2A,Urban Chic,2,Upscale Avenues
96142,Tahoma,17,5B,In Style,5,GenXurban
96143,Kings Beach,60,13A,International Marketplace,13,Next Wave
96145,Tahoe City,6,2A,Urban Chic,2,Upscale Avenues
96146,Olympic Valley,6,2A,Urban Chic,2,Upscale Avenues
96148,Tahoe Vista,6,2A,Urban Chic,2,Upscale Avenues
96150,South Lake Tahoe,34,8B,Emerald City,8,Middle Ground
96157,South Lake Tahoe,5,1E,Exurbanites,1,Affluent Estates
96161,Truckee,13,4A,Soccer Moms,4,Family Landscapes
96162,Truckee,6,2A,Urban Chic,2,Upscale Avenues
,,,,,,
