License Number,License Designation,Business Name,DBA,Record Status,Expiration Date,Business Organization Structure,Business Phone,City,Lat,Lng
M10-18-0000376-TEMP,Medicinal,"San Diegrown, Inc.",The Grove,Active,8/8/2018,Corporation,6193426500,La Mesa,32.7703,-117.0203
A10-18-0000342-TEMP,Adult-Use Medicinal,Alternative Health Sunrise,Goldn Bloom,Active,11/24/2018,Corporation,6199714355,San Diego,32.8312,-117.1225
A10-18-0000125-TEMP,Adult-Use Medicinal,Loud Inc.,San Diego Recreational Cannabis (SDRC),Active,11/1/2018,Corporation,6196188139,San Diego,32.8312,-117.1225
A10-18-0000113-TEMP,Adult-Use Medicinal,Balboa Avenue Cooperative,,Active,10/30/2018,Corporation,6197502024,San Diego,32.8312,-117.1225
A10-18-0000108-TEMP,Adult-Use Medicinal,"UPROOTED, INC.",Southwest Patient Group,Active,10/29/2018,Corporation,6196636337,San Diego,32.8312,-117.1225
A10-17-0000032-TEMP,Adult-Use Medicinal,"GSG PL, INC.",,Active,10/28/2018,Corporation,6192688035,San Diego,32.8312,-117.1225
A10-17-0000008-TEMP,Adult-Use Medicinal,Urbn Leaf Bay Park Inc.,Urbn Leaf,Active,10/28/2018,Corporation,6192752235,San Diego,32.8312,-117.1225
A10-17-0000049-TEMP,Adult-Use Medicinal,ECSD MANAGEMENT LLC,,Active,10/28/2018,Limited Liability Company,6197724141,San Diego,32.8312,-117.1225
A10-17-0000011-TEMP,Adult-Use Medicinal,"A Green Alternative Cooperative, Inc.",,Active,10/28/2018,Corporation,6192419897,San Diego,32.8312,-117.1225
A10-17-0000038-TEMP,Adult-Use Medicinal,"MMOF San Diego Retail, Inc.",Apothekare,Active,10/28/2018,Corporation,6198509266,San Diego,32.8312,-117.1225
A10-17-0000001-TEMP,Adult-Use Medicinal,"Torrey Holistics, Inc.",Torrey Holistics,Active,10/28/2018,Corporation,8585581420,San Diego,32.8312,-117.1225
A10-18-0000365-TEMP,Adult-Use Medicinal,"VALLEY GREENS RETAIL OULET, LP",March and Ash,Active,9/29/2018,Limited Partnership,6192554661,San Diego,32.8312,-117.1225
A10-18-0000346-TEMP,Adult-Use Medicinal,"NS Harbor, Inc.",,Active,8/29/2018,Corporation,6194568928,San Diego,32.8312,-117.1225
A10-18-0000340-TEMP,Adult-Use Medicinal,Miramar Professional Services,Mankind Cooperative,Active,8/24/2018,Corporation,8582470953,San Diego,32.8312,-117.1225
A10-18-0000339-TEMP,Adult-Use Medicinal,The Healing Center of San Diego,THCSD,Active,8/23/2018,Corporation,2408331392,San Diego,32.8312,-117.1225
A10-18-0000329-TEMP,Adult-Use Medicinal,Sustainable Therapeutics Cooperative,Urbn Leaf,Active,8/11/2018,Corporation,6196880888,San Diego,32.8312,-117.1225
M10-18-0000350-TEMP,Medicinal,Olive Tree Patients Association,"Olive Tree Patients Association, Olive Tree Wellness Center",Active,10/10/2018,Corporation,6192065472,Ramona,33.0474,-116.8767
M10-18-0000331-TEMP,Medicinal,"SAN DIEGO NATURAL, INC.",,Active,10/4/2018,Corporation,6094624234,Escondido,33.1349,-117.0721
C10-18-0000018-TEMP,Adult-Use Medicinal,HAH 1 LLC,Have a Heart CC,Active,11/8/2018,Limited Liability Company,2068890583,Blythe,33.6219,-114.6177
A10-18-0000324-TEMP,Adult-Use Medicinal,"The Coachella Lighthouse, LLC",,Active,10/31/2018,Limited Liability Company,9016493568,Coachella,33.691,-116.1451
A10-18-0000110-TEMP,Adult-Use Medicinal,"Halladay Healing Group, Inc.",Super Clinik,Active,10/30/2018,Corporation,7147171480,Santa Ana,33.7366,-117.8819
A10-18-0000105-TEMP,Adult-Use Medicinal,"STPC ENTERPRISES, INC.",Evergreen,Active,10/29/2018,Corporation,7148011356,Santa Ana,33.7366,-117.8819
A10-18-0000109-TEMP,Adult-Use Medicinal,OGC Systems Inc,New Generation,Active,10/29/2018,Corporation,9518182245,Santa Ana,33.7366,-117.8819
A10-17-0000088-TEMP,Adult-Use Medicinal,"HnHPC, a nonprofit mutual benefit corp",Connected Santa Ana,Active,10/28/2018,Corporation,6572294464,Santa Ana,33.7366,-117.8819
A10-17-0000061-TEMP,Adult-Use Medicinal,SOAR Collective Mutual Benefit Corporation,OC3,Active,10/28/2018,Corporation,7146428320,Santa Ana,33.7366,-117.8819
A10-17-0000059-TEMP,Adult-Use Medicinal,Peoples' First Choice LLC,,Active,10/28/2018,Limited Liability Company,7144857379,Santa Ana,33.7366,-117.8819
A10-17-0000055-TEMP,Adult-Use Medicinal,Healthy Healing Holistic Options,ShowGrow,Active,10/28/2018,Corporation,9495654769,Santa Ana,33.7366,-117.8819
A10-17-0000068-TEMP,Adult-Use Medicinal,The Source Santa Ana,MedMen OC,Active,10/28/2018,Corporation,3234862787,Santa Ana,33.7366,-117.8819
A10-17-0000082-TEMP,Adult-Use Medicinal,"SCSA GROUP, INC.",,Active,10/28/2018,Corporation,7146865001,Santa Ana,33.7366,-117.8819
A10-18-0000098-TEMP,Adult-Use Medicinal,2015 Halladay Wellness Inc.,Super Clinik Yale,Active,10/28/2018,Corporation,7147179896,Santa Ana,33.7366,-117.8819
A10-18-0000097-TEMP,Adult-Use Medicinal,"420 Green Street, Inc.",10 Spot,Active,10/28/2018,Corporation,7147179896,Santa Ana,33.7366,-117.8819
A10-17-0000069-TEMP,Adult-Use Medicinal,CBD Inc,From The Earth,Active,10/28/2018,Corporation,9497849032,Santa Ana,33.7366,-117.8819
A10-17-0000064-TEMP,Adult-Use Medicinal,"55 OC Collective, Inc.",Blum Santa Ana,Active,10/28/2018,Corporation,7074776790,Santa Ana,33.7366,-117.8819
A10-18-0000099-TEMP,Adult-Use Medicinal,BUD AND BLOOM,,Active,10/28/2018,Corporation,7145762150,Santa Ana,33.7366,-117.8819
A10-17-0000060-TEMP,Adult-Use Medicinal,"Therapeutic Hemp, Inc.",420 Central,Active,10/28/2018,Corporation,9494342125,Santa Ana,33.7366,-117.8819
A10-17-0000087-TEMP,Adult-Use Medicinal,Monex Place Wellness,Strain Station,Active,10/28/2018,Corporation,9492932370,Santa Ana,33.7366,-117.8819
A10-17-0000083-TEMP,Adult-Use Medicinal,Green Rose Green Leaf Care,The Joint,Active,10/28/2018,Corporation,7147674806,Santa Ana,33.7366,-117.8819
A10-18-0000220-TEMP,Adult-Use Medicinal,"Jason Lilly, LLC",Kannabis Works,Active,9/3/2018,Limited Liability Company,9497420768,Santa Ana,33.7366,-117.8819
C10-18-0000028-TEMP,Adult-Use Medicinal,EARTH ESSENTIALS,Royal Highness,Active,11/29/2018,Limited Liability Company,4422820656,Palm Desert,33.7378,-116.3696
M10-18-0000228-TEMP,Medicinal,"PF JOHNS, LLC",,Active,11/22/2018,Limited Liability Company,3108834941,Perris,33.7897,-117.2233
M10-18-0000162-TEMP,Medicinal,"Holistic, Inc.",,Active,11/1/2018,Corporation,9515756530,Perris,33.7897,-117.2233
M10-17-0000010-TEMP,Medicinal,"IE GARDENS, INC.","IE Gardens, Inc.",Active,10/28/2018,Corporation,9515360816,Perris,33.7897,-117.2233
M10-17-0000009-TEMP,Medicinal,"GREEN AMERICA, INC.",Green America Inc,Active,10/28/2018,Corporation,9512833282,Perris,33.7897,-117.2233
M10-18-0000306-TEMP,Medicinal,"Firehouse 64, Inc.",,Active,9/13/2018,Corporation,9519660634,Perris,33.7897,-117.2233
A10-18-0000264-TEMP,Adult-Use Medicinal,Joy Industries Inc,,Active,9/13/2018,Corporation,7603181420,Palm Springs,33.8012,-116.538
A10-18-0000357-TEMP,Adult-Use Medicinal,"PSAO, LLC",Palm Springs Associated Organica,Active,9/7/2018,Limited Liability Company,7602506477,Palm Springs,33.8012,-116.538
M10-18-0000404-TEMP,Medicinal,"CAPS Apothecary, Inc.",,Active,9/4/2018,Corporation,8182193572,Palm Springs,33.8012,-116.538
A10-18-0000227-TEMP,Adult-Use,Leef Industries LLC,Leef Industries,Active,9/4/2018,Limited Liability Company,9498920682,Palm Springs,33.8012,-116.538
A10-18-0000354-TEMP,Adult-Use,"CAPS Apothecary, Inc.",,Active,9/4/2018,Corporation,8182193572,Palm Springs,33.8012,-116.538
M10-18-0000178-TEMP,Medicinal,"562 Discount Med, Inc.",Connected Belmont Shore,Active,11/6/2018,Corporation,5623703780,Long Beach,33.8059,-118.161
M10-18-0000165-TEMP,Medicinal,"MattnJeremy, inc",One Love Beach Club,Active,11/1/2018,Corporation,5623435388,Long Beach,33.8059,-118.161
M10-17-0000123-TEMP,Medicinal,"Alternate Health Collective Association, Inc.",Stone Age Farmacy,Active,10/28/2018,Corporation,3106342542,Long Beach,33.8059,-118.161
M10-18-0000368-TEMP,Medicinal,"L.B. Collective, Inc.",,Active,10/26/2018,Corporation,7148095076,Long Beach,33.8059,-118.161
M10-18-0000366-TEMP,Medicinal,Chronic Pain Releaf Center,,Active,10/25/2018,Corporation,8188238110,Long Beach,33.8059,-118.161
M10-18-0000275-TEMP,Medicinal,"The Airport Collective, Inc.",ShowGrow,Active,9/4/2018,Corporation,5304274163,Long Beach,33.8059,-118.161
M10-18-0000381-TEMP,Medicinal,Long Beach Wellness Center,,Active,8/14/2018,Corporation,7148095076,Long Beach,33.8059,-118.161
M10-18-0000377-TEMP,Medicinal,Emeraled Beach Care,,Active,8/9/2018,Corporation,5622705454,Long Beach,33.8059,-118.161
A10-18-0000301-TEMP,Adult-Use Medicinal,Sunrise Caregiver Foundation Inc.,,Active,10/9/2018,Corporation,3105618508,Torrance,33.8346,-118.3417
A10-18-0000225-TEMP,Adult-Use Medicinal,"CRUZ VERDE, INC.",Green Cross of Torrance,Active,9/4/2018,Corporation,3105339363,Torrance,33.8346,-118.3417
A10-18-0000187-TEMP,Adult-Use Medicinal,Remedy Inc.,,Active,11/25/2018,Corporation,2604506544,Cathedral City,33.8363,-116.4662
A10-17-0000025-TEMP,Adult-Use Medicinal,"Homeopathic Cultivation Cooperative, Inc",Mother Earth's Farmacy,Active,10/28/2018,Corporation,7608328348,Cathedral City,33.8363,-116.4662
A10-18-0000102-TEMP,Adult-Use Medicinal,"PSGC, Inc.",Atomic Budz,Active,10/28/2018,Corporation,7603224481,Cathedral City,33.8363,-116.4662
A10-17-0000028-TEMP,Adult-Use Medicinal,P & S Ventures,,Active,10/28/2018,Limited Liability Company,8186210288,Cathedral City,33.8363,-116.4662
A10-17-0000020-TEMP,Adult-Use Medicinal,WCCC,West Coast Cannabis Club,Active,10/28/2018,Corporation,6198671635,Cathedral City,33.8363,-116.4662
A10-17-0000034-TEMP,Adult-Use Medicinal,H.O.T.N. CLUB,HOTN Cultivation Co.,Active,10/28/2018,Corporation,7608327614,Cathedral City,33.8363,-116.4662
A10-17-0000026-TEMP,Adult-Use,Sunshine Coast Wellness,Cathedral City Care Collective North,Active,10/28/2018,Corporation,9132696425,Cathedral City,33.8363,-116.4662
A10-17-0000027-TEMP,Adult-Use Medicinal,NO WAIT MEDS,no wait meds,Active,10/28/2018,Limited Liability Company,8182199234,Cathedral City,33.8363,-116.4662
M10-18-0000284-TEMP,Adult-Use Medicinal,CATHEDRAL CITY RELEAF,CITIDANK,Active,9/6/2018,Corporation,8186190000,Cathedral City,33.8363,-116.4662
M10-18-0000226-TEMP,Adult-Use Medicinal,"OMEGA GROUP, INC.",,Active,8/23/2018,Corporation,8182817080,Cathedral City,33.8363,-116.4662
A10-18-0000158-TEMP,Adult-Use,Iguana Collective,Iguana Collective,Active,8/15/2018,Corporation,7606998340,Cathedral City,33.8363,-116.4662
M10-18-0000161-TEMP,Medicinal,"The Medicine Woman Group, LLC",,Active,11/1/2018,Limited Liability Company,9498873589,Bellflower,33.888,-118.1271
A10-18-0000179-TEMP,Adult-Use Medicinal,"Therapeutic Health Collective, Inc.",Stone Age Farmacy,Active,11/20/2018,Corporation,3106342542,Gardena,33.8944,-118.3073
A10-17-0000029-TEMP,Adult-Use,"Desert's Finest Patients' Cooperative, Inc",,Active,10/28/2018,Corporation,8334385874,Desert Hot Springs,33.955,-116.543
A10-18-0000302-TEMP,Adult-Use Medicinal,420 Express Delivery Inc,Green Leaf Wellness,Active,10/9/2018,Corporation,2064065563,Desert Hot Springs,33.955,-116.543
A10-18-0000273-TEMP,Adult-Use Medicinal,"DESERT HOT SPRINGS COLLECTIVE, LTD.",DESERT HOT SPRINGS COLLECTIVE,Active,9/20/2018,Corporation,2139253158,Desert Hot Springs,33.955,-116.543
A10-18-0000247-TEMP,Adult-Use,Sun Grow Consulting,,Active,9/7/2018,Corporation,7142314435,Desert Hot Springs,33.955,-116.543
M10-18-0000280-TEMP,Adult-Use Medicinal,"Marina Caregivers' Cooperative, Inc.",,Active,9/4/2018,Corporation,3105744000,Marina Del Rey,33.9765,-118.4486
C10-18-0000001-TEMP,Adult-Use Medicinal,CANA,,Active,10/9/2018,Corporation,4252684391,Maywood,33.9885,-118.1877
M10-18-0000352-TEMP,Medicinal,Malibu Community Collective,Malibu Community Collective,Active,10/11/2018,Limited Liability Company,4246440640,Malibu,34.0368,-118.7845
M10-18-0000344-TEMP,Medicinal,99 HIGHTIDE COLLECTIVE,99 High Tide,Active,10/9/2018,Corporation,3104569930,Malibu,34.0368,-118.7845
A10-17-0000084-TEMP,Adult-Use Medicinal,Zen Healing Collective Corporation,,Active,10/28/2018,Corporation,3236566666,West Hollywood,34.0883,-118.3718
A10-17-0000040-TEMP,Adult-Use Medicinal,Green Cross Society of Southern California,,Active,10/28/2018,Corporation,3236548792,West Hollywood,34.0883,-118.3718
A10-17-0000039-TEMP,Adult-Use Medicinal,Farmacy Collective,MedMen WeHo,Active,10/28/2018,Corporation,3234862787,West Hollywood,34.0883,-118.3718
C10-18-0000007-TEMP,Adult-Use Medicinal,"Ovest, LLC",Los Angeles Patients and Caregivers Group,Active,10/19/2018,Limited Liability Company,3233266347,West Hollywood,34.0883,-118.3718
A10-18-0000208-TEMP,Adult-Use Medicinal,"MMD, INC.",,Active,11/28/2018,Corporation,8774205874,Hollywood,34.0983,-118.3267
A10-18-0000203-TEMP,Adult-Use Medicinal,"Studio City Caregivers Co-op, Inc.",Universal Collective,Active,11/28/2018,Corporation,6262156093,Los Angeles,34.114,-118.4068
A10-18-0000207-TEMP,Adult-Use Medicinal,Green Earth Vitality Corporation,Green Earth Collective,Active,11/28/2018,Corporation,3109718170,Los Angeles,34.114,-118.4068
M10-18-0000239-TEMP,Adult-Use Medicinal,WFARM1045 INC,The Westwood Farmacy,Active,11/26/2018,Corporation,3109825023,Los Angeles,34.114,-118.4068
A10-18-0000189-TEMP,Adult-Use Medicinal,"Melrose Herbal Collective, Inc.",,Active,11/25/2018,Corporation,3232324420,Los Angeles,34.114,-118.4068
A10-18-0000182-TEMP,Adult-Use Medicinal,"ORGANIC GREEN TREATMENT CENTER, INC.",,Active,11/22/2018,Corporation,3237333644,Los Angeles,34.114,-118.4068
A10-18-0000183-TEMP,Adult-Use Medicinal,"Koreatown Collective, LLC",,Active,11/22/2018,Limited Liability Company,3239519513,Los Angeles,34.114,-118.4068
C10-18-0000021-TEMP,Adult-Use Medicinal,"California Organic Treatment Center Inc., A California Non-Profit Corporation",,Active,11/20/2018,Corporation,4242309061,Los Angeles,34.114,-118.4068
A10-18-0000167-TEMP,Adult-Use Medicinal,Advanced Patients' Collective,MedMen DTLA,Active,11/15/2018,Corporation,3234862787,Los Angeles,34.114,-118.4068
C10-18-0000017-TEMP,Adult-Use Medicinal,THE NATURAL WAY OF LA,ROYAL GREENS,Active,11/2/2018,Corporation,2133809200,Los Angeles,34.114,-118.4068
C10-18-0000014-TEMP,Adult-Use Medicinal,"Green Aid Recovery Group, INC.",Green Field Collective/High Note LA,Active,10/31/2018,Corporation,7872472181,Los Angeles,34.114,-118.4068
C10-18-0000012-TEMP,Adult-Use Medicinal,"PURPLE HEART COMPASSIONATE, INC.",,Active,10/24/2018,Corporation,9403001785,Los Angeles,34.114,-118.4068
C10-18-0000010-TEMP,Adult-Use Medicinal,Los Angeles Wellness Center,Erba,Active,10/23/2018,Corporation,3102071900,Los Angeles,34.114,-118.4068
A10-18-0000312-TEMP,Adult-Use Medicinal,Collective Pharm,"LAPC, High Note Culver City",Active,10/18/2018,Corporation,3144609785,Los Angeles,34.114,-118.4068
A10-18-0000311-TEMP,Adult-Use Medicinal,The Holistic Caregivers Inc,CRENSHAW HOLISTIC CAREGIVERS,Active,10/17/2018,Corporation,4247026285,Los Angeles,34.114,-118.4068
C10-18-0000004-TEMP,Adult-Use Medicinal,Southern California Collective,,Active,10/16/2018,Corporation,3232610671,Los Angeles,34.114,-118.4068
A10-18-0000309-TEMP,Adult-Use Medicinal,"Onesra Enterprises, Inc.","Euphoric Caregivers, Prop- 215",Active,10/16/2018,Corporation,3105009858,Los Angeles,34.114,-118.4068
A10-18-0000305-TEMP,Adult-Use Medicinal,"The Relief Collective, Inc.",,Active,10/11/2018,Corporation,3235910063,Los Angeles,34.114,-118.4068
A10-18-0000304-TEMP,Adult-Use Medicinal,"Kush Valley Collective, Inc.",,Active,10/10/2018,Corporation,3235992572,Los Angeles,34.114,-118.4068
A10-18-0000303-TEMP,Adult-Use Medicinal,"Trinity MA, Inc.",,Active,10/9/2018,Corporation,8059901601,Los Angeles,34.114,-118.4068
A10-18-0000294-TEMP,Adult-Use Medicinal,"LA Wonderland Caregivers, Inc.",Wonderland,Active,10/3/2018,Corporation,2137656099,Los Angeles,34.114,-118.4068
A10-18-0000281-TEMP,Adult-Use Medicinal,MARY JANE'S COLLECTIVE CAREGIVERS,,Active,9/26/2018,Corporation,7146146220,Los Angeles,34.114,-118.4068
A10-18-0000278-TEMP,Adult-Use Medicinal,"KB CENTER FOR COMPASSIONATE CARE, INC.",THE KIND CENTER AND TKC,Active,9/21/2018,Corporation,3233189053,Los Angeles,34.114,-118.4068
A10-18-0000279-TEMP,Adult-Use Medicinal,SILVERLAKE CAREGIVERS GROUP,,Active,9/21/2018,Corporation,2139253158,Los Angeles,34.114,-118.4068
A10-18-0000363-TEMP,Adult-Use Medicinal,"PEACE OF GREEN, INC",,Active,9/20/2018,Corporation,3106503929,Los Angeles,34.114,-118.4068
A10-18-0000274-TEMP,Adult-Use Medicinal,ASHMOON INC,HOLLYWOOD HIGH GRADE,Active,9/20/2018,Corporation,3235369133,Los Angeles,34.114,-118.4068
A10-18-0000271-TEMP,Adult-Use Medicinal,"STRAIN BALBOA CAREGIVERS, INC.",,Active,9/20/2018,Corporation,8182806069,Los Angeles,34.114,-118.4068
M10-18-0000312-TEMP,Adult-Use Medicinal,"Buds & Roses Collective, Inc",Buds & Roses,Active,9/14/2018,Corporation,8189078852,Los Angeles,34.114,-118.4068
A10-18-0000267-TEMP,Adult-Use Medicinal,"Greenhouse Herbal Center, LLC",,Active,9/13/2018,Limited Liability Company,3235334842,Los Angeles,34.114,-118.4068
M10-18-0000309-TEMP,Adult-Use Medicinal,"New Apothecary, Inc.",Apothecary 420,Active,9/13/2018,Corporation,8189050420,Los Angeles,34.114,-118.4068
A10-18-0000258-TEMP,Adult-Use Medicinal,Virgil Grant,,Active,9/12/2018,Sole Proprietorship,3104937651,Los Angeles,34.114,-118.4068
M10-18-0000305-TEMP,Adult-Use Medicinal,"Greenhouse Organics, Inc.",The Greenhouse,Active,9/12/2018,Corporation,8183861343,Los Angeles,34.114,-118.4068
A10-18-0000245-TEMP,Adult-Use Medicinal,"Barr Corporation, A Consumer Cooperative",California Caregivers Alliance,Active,9/7/2018,Corporation,2133530100,Los Angeles,34.114,-118.4068
A10-18-0000252-TEMP,Adult-Use,"LAX CC, INC.","LAX CC, INC.",Active,9/7/2018,Corporation,3104399189,Los Angeles,34.114,-118.4068
A10-18-0000256-TEMP,Adult-Use Medicinal,"The Van Nuys Group, LLC",The Green Easy,Active,9/7/2018,Limited Liability Company,3234243035,Los Angeles,34.114,-118.4068
A10-18-0000248-TEMP,Adult-Use Medicinal,GREEN DOT MEDICINAL CANNABIS PATIENTS' GROUP,,Active,9/7/2018,Corporation,3105788300,Los Angeles,34.114,-118.4068
A10-18-0000246-TEMP,Adult-Use Medicinal,"CANNA HEALTHCARE, INC.",Cloud 8th DTLA,Active,9/7/2018,Corporation,2132751223,Los Angeles,34.114,-118.4068
A10-18-0000253-TEMP,Adult-Use Medicinal,"Toluca Lake Collective, Inc.",,Active,9/7/2018,Corporation,6268904625,Los Angeles,34.114,-118.4068
A10-18-0000251-TEMP,Adult-Use Medicinal,California Patients Alliance,"Los Angeles Kush Collective
#2",Active,9/7/2018,Corporation,5625771318,Los Angeles,34.114,-118.4068
A10-18-0000236-TEMP,Adult-Use Medicinal,New Age Compassion Care Center Corp.,New Age Care Center,Active,9/6/2018,Corporation,3106919493,Los Angeles,34.114,-118.4068
A10-18-0000242-TEMP,Adult-Use Medicinal,"PATIENTS AND CAREGIVERS LOS ANGELES, INC.",,Active,9/6/2018,Corporation,8184721082,Los Angeles,34.114,-118.4068
M10-18-0000283-TEMP,Adult-Use Medicinal,"Holistic Healing Alternative, Inc.",Greenwolf,Active,9/6/2018,Corporation,3236689390,Los Angeles,34.114,-118.4068
A10-18-0000240-TEMP,Adult-Use Medicinal,"MEDICAL CAREGIVERS COOPERATIVE, INC.",,Active,9/6/2018,Corporation,3235762153,Los Angeles,34.114,-118.4068
A10-18-0000356-TEMP,Adult-Use Medicinal,"Chronicpractor Caregiver, Inc.",Exhale Med Center,Active,9/5/2018,Corporation,4242799497,Los Angeles,34.114,-118.4068
A10-18-0000230-TEMP,Adult-Use Medicinal,"DTPG Collective, Inc.",,Active,9/4/2018,Corporation,3236024211,Los Angeles,34.114,-118.4068
M10-18-0000266-TEMP,Adult-Use Medicinal,"ORGANIC GREEN TREATMENT CENTER, INC.",,Active,9/3/2018,Corporation,3237333644,Los Angeles,34.114,-118.4068
A10-18-0000223-TEMP,Adult-Use Medicinal,"ALTERNATIVE MEDICINE GROUP, INC.",AMG,Active,9/3/2018,Corporation,3104760222,Los Angeles,34.114,-118.4068
M10-18-0000256-TEMP,Adult-Use Medicinal,"Doctor Kush World Collective, Inc.",,Active,8/31/2018,Corporation,8182667744,Los Angeles,34.114,-118.4068
A10-18-0000212-TEMP,Adult-Use Medicinal,"City Compassionate Caregivers Cooperative, Inc.",,Active,8/31/2018,Corporation,9099362236,Los Angeles,34.114,-118.4068
A10-18-0000214-TEMP,Adult-Use Medicinal,AHPS - Absolute Herbal Pain Solutions,,Active,8/31/2018,Corporation,9092415504,Los Angeles,34.114,-118.4068
A10-18-0000211-TEMP,Adult-Use Medicinal,"EXCLUSIVE CAREGIVERS OF CALIFORNIA, INC.",,Active,8/31/2018,Corporation,5626884111,Los Angeles,34.114,-118.4068
A10-18-0000215-TEMP,Adult-Use Medicinal,"NATURE'S CURE, INC.",MedMen LAX,Active,8/31/2018,Corporation,3234862787,Los Angeles,34.114,-118.4068
A10-18-0000218-TEMP,Adult-Use Medicinal,"So Cal Co-Op, Inc.",,Active,8/31/2018,Corporation,8189144736,Los Angeles,34.114,-118.4068
A10-18-0000201-TEMP,Adult-Use Medicinal,NATURAL REMEDIES CAREGIVERS,,Active,8/30/2018,Corporation,3107956449,Los Angeles,34.114,-118.4068
A10-18-0000198-TEMP,Adult-Use Medicinal,"Los Angeles Valley Caregivers, Inc.",,Active,8/30/2018,Corporation,3235001040,Los Angeles,34.114,-118.4068
A10-18-0000199-TEMP,Adult-Use Medicinal,"HOLISTIC PAIN RELIEF, INC.",,Active,8/30/2018,Corporation,3237788540,Los Angeles,34.114,-118.4068
A10-18-0000194-TEMP,Adult-Use Medicinal,Cornerstone Research Collective,,Active,8/29/2018,Corporation,3232598933,Los Angeles,34.114,-118.4068
A10-18-0000188-TEMP,Adult-Use Medicinal,Timothy Leary Memorial Dispensary Collective,The Pottery,Active,8/27/2018,Corporation,3234529833,Los Angeles,34.114,-118.4068
A10-18-0000341-TEMP,Adult-Use Medicinal,"Valley Holistic Caregivers, Inc.",Smartweed,Active,8/25/2018,Corporation,3236728383,Los Angeles,34.114,-118.4068
A10-18-0000185-TEMP,Adult-Use Medicinal,"NATURE'S NATURAL COOPERATIVE CARE, INC.",NEW AMSTERDAM NATURALS,Active,8/24/2018,Corporation,3102026622,Los Angeles,34.114,-118.4068
M10-18-0000227-TEMP,Medicinal,RELIEF CCR,BEVERLY HILLS ALTERNATIVE RELIEF CENTER,Active,8/24/2018,Corporation,3107219113,Los Angeles,34.114,-118.4068
A10-18-0000184-TEMP,Adult-Use Medicinal,"PURA VIDA TRES, INC.",PURE LIFE WELLNESS CENTER,Active,8/24/2018,Corporation,3102469345,Los Angeles,34.114,-118.4068
A10-18-0000336-TEMP,Adult-Use Medicinal,"CARE CALIFORNIA CONSULTATION, INC.",buddha company,Active,8/23/2018,Corporation,2136283144,Los Angeles,34.114,-118.4068
A10-18-0000180-TEMP,Adult-Use,RELIEF CCR,BEVERLY HILLS ALTERNATIVE RELIEF CENTER,Active,8/23/2018,Corporation,3107219113,Los Angeles,34.114,-118.4068
A10-18-0000337-TEMP,Adult-Use Medicinal,"MID CITY CANNABIS CLUB, INC., A CALIFORNIA NON-PROFIT MUTUAL BENEFIT CORPORATION",LA BREA COLLECTIVE,Active,8/23/2018,Corporation,3234243908,Los Angeles,34.114,-118.4068
A10-18-0000164-TEMP,Adult-Use Medicinal,"Cyon Corporation, Inc.",MedMen Beverly Hills,Active,8/17/2018,Corporation,3234862787,Los Angeles,34.114,-118.4068
A10-18-0000331-TEMP,Adult-Use Medicinal,Green Leaf Caregivers,Firehaus,Active,8/15/2018,Limited Liability Company,3107410739,Los Angeles,34.114,-118.4068
A10-18-0000151-TEMP,Adult-Use Medicinal,"SB License 01, LLC",Captain Jacks,Active,11/8/2018,Limited Liability Company,9093816400,San Bernardino,34.1412,-117.2936
A10-18-0000228-TEMP,Adult-Use,"Lotus Dispensary, LLC",,Active,9/4/2018,Limited Liability Company,9094301244,San Bernardino,34.1412,-117.2936
A10-18-0000226-TEMP,Adult-Use,"Shatter, LLC",,Active,9/4/2018,Limited Liability Company,9092641855,San Bernardino,34.1412,-117.2936
M10-17-0000018-TEMP,Adult-Use Medicinal,FREEDOM 1ST ASSOCIATION,SKUNKMASTERS,Active,10/28/2018,Corporation,6302093432,Port Hueneme,34.1617,-119.2036
M10-18-0000365-TEMP,Medicinal,Harbor Managment Group LLC,Safe Port,Active,10/24/2018,Limited Liability Company,8058273615,Port Hueneme,34.1617,-119.2036
C10-18-0000005-TEMP,Adult-Use,"Hueneme Patient Consumer Collective, LLC.",,Active,10/18/2018,Limited Liability Company,8052033016,Port Hueneme,34.1617,-119.2036
C10-18-0000003-TEMP,Adult-Use Medicinal,"DBO Investments PH, LLC",From The Earth,Active,10/9/2018,Limited Liability Company,8054141394,Port Hueneme,34.1617,-119.2036
A10-18-0000362-TEMP,Adult-Use Medicinal,Emerald Perspective Cooperative Inc,Emerald Perspective,Active,9/19/2018,Corporation,8053509874,Port Hueneme,34.1617,-119.2036
M10-18-0000405-TEMP,Adult-Use Medicinal,"Hueneme Patient Consumer Collective, LLC.",Hueneme Patient Consumer Coop,Active,9/5/2018,Limited Liability Company,8054191257,Port Hueneme,34.1617,-119.2036
M10-18-0000417-TEMP,Medicinal,"CANOPY CLUB, INC.",,Active,9/29/2018,Corporation,8058952578,Santa Barbara,34.4285,-119.7202
M10-18-0000189-TEMP,Medicinal,"Organic Greens Collective, Inc.",,Active,11/8/2018,Corporation,8057700580,Goleta,34.436,-119.8597
M10-18-0000399-TEMP,Medicinal,CAL GREEN MEDICAL,,Active,8/29/2018,Limited Liability Company,8057703947,Goleta,34.436,-119.8597
M10-18-0000182-TEMP,Medicinal,"SHANGRI LA CARE COOPERATIVE, INC.",,Active,11/6/2018,Corporation,8056406464,Ojai,34.4487,-119.2469
M10-18-0000153-TEMP,Medicinal,Sespe Creek Collective Inc.,,Active,10/29/2018,Corporation,8557229333,Ojai,34.4487,-119.2469
M10-17-0000033-TEMP,Medicinal,"AgMd Logistics, LLC.",Ojai Greens,Active,10/28/2018,Limited Liability Company,8056464420,Ojai,34.4487,-119.2469
M10-17-0000104-TEMP,Medicinal,"JET ROOM, INC.",,Active,10/28/2018,Corporation,9095313793,Adelanto,34.5868,-117.4411
M10-18-0000353-TEMP,Medicinal,"Adelanto Air Expressway, Inc.",Loud-N-Clear,Active,10/12/2018,Corporation,9093548047,Adelanto,34.5868,-117.4411
M10-18-0000270-TEMP,Adult-Use Medicinal,"Herbal Pain Relief Center Cooperative, INC",,Active,9/4/2018,Corporation,8186396027,Mission Hills,34.6861,-120.4406
M10-17-0000040-TEMP,Medicinal,OPG - Ontana Planet Green,OPG - Ontana Planet Green,Active,10/28/2018,Corporation,7609033320,Needles,34.816,-114.6192
M10-18-0000338-TEMP,Medicinal,The Healing Center Needles,The Healing Center,Active,10/8/2018,Corporation,2629942513,Needles,34.816,-114.6192
M10-18-0000411-TEMP,Medicinal,The Bud Farmacy Corporation,,Active,9/13/2018,Corporation,8182629937,Needles,34.816,-114.6192
M10-18-0000202-TEMP,Medicinal,H Street Patient Care,,Active,8/16/2018,Corporation,8182629937,Needles,34.816,-114.6192
M10-18-0000363-TEMP,Adult-Use Medicinal,Natural Healing Center,,Active,10/18/2018,Limited Liability Company,2132725729,Grover Beach,35.1205,-120.6199
M10-18-0000346-TEMP,Adult-Use Medicinal,805 Beach Breaks Inc,,Active,10/9/2018,Corporation,8058963777,Grover Beach,35.1205,-120.6199
M10-17-0000041-TEMP,Medicinal,Tulare Alternative Relief Association,,Active,10/28/2018,Corporation,5596882001,Tulare,36.1996,-119.34
M10-18-0000263-TEMP,Medicinal,Barbara Lee Perkins,,Active,9/3/2018,Sole Proprietorship,5596684420,Tulare,36.1996,-119.34
A10-17-0000031-TEMP,Adult-Use Medicinal,VALLEY PURE,Valley Pure,Active,10/28/2018,Limited Liability Company,5596901898,Woodlake,36.4124,-119.0998
A10-17-0000009-TEMP,Adult-Use Medicinal,Monterey Bay Alternative Medicine,,Active,10/28/2018,Corporation,8313932500,Del Rey Oaks,36.5929,-121.8381
M10-18-0000379-TEMP,Adult-Use Medicinal,"PHSL, LLC",Sugarleaf Trading Company,Active,11/9/2018,Limited Liability Company,9168218955,Seaside,36.6224,-121.8191
A10-18-0000126-TEMP,Adult-Use Medicinal,Higher Level of Care Seaside,Higher Level,Active,11/4/2018,Corporation,3102614809,Seaside,36.6224,-121.8191
A10-18-0000106-TEMP,Adult-Use Medicinal,EMERALD SKYWAY,,Active,10/29/2018,Limited Liability Company,8315660758,Salinas,36.6881,-121.6316
A10-17-0000063-TEMP,Adult-Use Medicinal,EAST OF EDEN CANNABIS CO.,EAST OF EDEN,Active,10/28/2018,Corporation,3126360404,Salinas,36.6881,-121.6316
A10-17-0000073-TEMP,Adult-Use Medicinal,Higher Level of Care,Higher Level,Active,10/28/2018,Corporation,3102614809,Castroville,36.765,-121.7535
A10-18-0000104-TEMP,Adult-Use Medicinal,Northeastern Management Inc,,Active,10/29/2018,Corporation,4087695552,Santa Cruz,36.9788,-122.0346
A10-17-0000002-TEMP,Adult-Use Medicinal,CalWave Enterprises Inc.,KindPeoples,Active,10/28/2018,Corporation,8313327155,Santa Cruz,36.9788,-122.0346
A10-17-0000003-TEMP,Adult-Use Medicinal,"CalWave Enterprises, Inc.",KindPeoples (formerly KindPeoples Collective),Active,10/28/2018,Corporation,8313327155,Santa Cruz,36.9788,-122.0346
A10-17-0000018-TEMP,Adult-Use Medicinal,"CannaCruz, Inc.",CannaCruz,Active,10/28/2018,Corporation,8314203227,Santa Cruz,36.9788,-122.0346
A10-17-0000022-TEMP,Adult-Use Medicinal,Capitola Healing Association Inc.,Capitola Healing Association Inc.,Active,10/28/2018,Corporation,8314755506,Santa Cruz,36.9788,-122.0346
A10-18-0000359-TEMP,Adult-Use,"CannaCruz, LLC",CannaCruz,Active,9/9/2018,Limited Liability Company,8312067569,Santa Cruz,36.9788,-122.0346
A10-17-0000044-TEMP,Adult-Use Medicinal,"MNat, Inc.",Santa Cruz Naturals,Active,10/28/2018,Corporation,8316887266,Aptos,36.9912,-121.8928
A10-17-0000036-TEMP,Adult-Use Medicinal,KGMB LLC,TreeHouse,Active,10/28/2018,Limited Liability Company,8318182956,Soquel,36.9978,-121.9483
A10-17-0000017-TEMP,Adult-Use Medicinal,"SC VETERANS ALLIANCE, INC.",,Active,10/28/2018,Corporation,8314316347,Soquel,36.9978,-121.9483
A10-17-0000043-TEMP,Adult-Use Medicinal,BI Supportive Services,Therapeutic Healthcare Collective,Active,10/28/2018,Limited Liability Company,8313361910,Soquel,36.9978,-121.9483
A10-17-0000089-TEMP,Adult-Use Medicinal,Curbstone Exchange LLC,,Active,10/28/2018,Limited Liability Company,8313317886,Felton,37.0392,-122.0804
A10-17-0000067-TEMP,Adult-Use,Redwood Coast Lifestyles Inc.,Redwood Coast Collective,Active,10/28/2018,Corporation,8313368795,Ben Lomond,37.0782,-122.0882
A10-17-0000056-TEMP,Adult-Use,Central Coast Wellness LLC,Central Coast Welness center LLC,Active,10/28/2018,Limited Liability Company,5596901898,Ben Lomond,37.0782,-122.0882
A10-17-0000047-TEMP,Adult-Use Medicinal,Creekside Wellness,,Active,10/28/2018,Corporation,8015609466,Boulder Creek,37.1341,-122.1271
A10-17-0000057-TEMP,Adult-Use,"TFA, INC.",TFA Inc.,Active,10/28/2018,Corporation,8314546083,Los Gatos,37.2307,-121.9564
M10-17-0000067-TEMP,Medicinal,"TFA, inc.",Santa Cruz Mountain Herb,Active,10/28/2018,Corporation,4083531717,Los Gatos,37.2307,-121.9564
A10-17-0000045-TEMP,Adult-Use Medicinal,"Canna Culture Collective, Inc.",Canna Culture,Active,10/28/2018,Corporation,5302773389,San Jose,37.302,-121.8488
A10-17-0000007-TEMP,Adult-Use Medicinal,"VMK, INC.",Purple Lotus Patient Center,Active,10/28/2018,Corporation,9259894194,San Jose,37.302,-121.8488
A10-17-0000023-TEMP,Adult-Use Medicinal,San Jose Wellness,Harborside,Active,10/28/2018,Corporation,5103442933,San Jose,37.302,-121.8488
A10-17-0000019-TEMP,Adult-Use Medicinal,"NC3 Systems, Inc.",Caliva,Active,10/28/2018,Corporation,4082972615,San Jose,37.302,-121.8488
A10-18-0000352-TEMP,Adult-Use Medicinal,"NTZ, Inc.",CA Collective,Active,8/31/2018,Corporation,4083135772,San Jose,37.302,-121.8488
A10-18-0000351-TEMP,Adult-Use Medicinal,"Relentless Enterprises, Inc.",Theraleaf,Active,8/31/2018,Corporation,4152188666,San Jose,37.302,-121.8488
M10-18-0000401-TEMP,Adult-Use Medicinal,"Captain Kirk Services, Inc.",Airfield Supply Co.,Active,8/31/2018,Corporation,4085295875,San Jose,37.302,-121.8488
A10-18-0000270-TEMP,Adult-Use Medicinal,"KP PATTERSON MANAGEMENT, LLC",,Active,9/19/2018,Limited Liability Company,2093455360,Patterson,37.4734,-121.144
A10-18-0000355-TEMP,Adult-Use Medicinal,The Honest Choice,,Active,9/4/2018,Corporation,2093981150,Denair,37.5256,-120.7997
A10-18-0000291-TEMP,Adult-Use Medicinal,"Kase's Journey, Inc",,Active,10/1/2018,Corporation,2099854729,Ceres,37.5954,-120.9624
C10-18-0000022-TEMP,Adult-Use Medicinal,"ESHD, Inc",Green Mammoth,Active,11/20/2018,Corporation,,Mammoth Lakes,37.6273,-118.99
M10-17-0000029-TEMP,Medicinal,"Mammoth Lakes Wellness, Inc.",,Active,10/28/2018,Corporation,7609242299,Mammoth Lakes,37.6273,-118.99
A10-18-0000112-TEMP,Adult-Use,WE ARE HEMP,,Active,10/30/2018,General Partnership,5108780341,Hayward,37.6327,-122.0776
A10-18-0000348-TEMP,Adult-Use Medicinal,21227 Foothill LLC,Garden of Eden,Active,8/29/2018,Limited Liability Company,3236457669,Hayward,37.6327,-122.0776
A10-18-0000153-TEMP,Adult-Use Medicinal,"R & S NURSERY, INC.",The Healing Flower,Active,11/9/2018,Corporation,4086905351,Modesto,37.6371,-121.003
M10-18-0000191-TEMP,Adult-Use Medicinal,Natural Remedies Consulting,NRC Holistic Health Services Clinic,Active,11/8/2018,Corporation,2094046077,Modesto,37.6371,-121.003
C10-18-0000009-TEMP,Adult-Use Medicinal,MDS BUSINESS SERVICES LLC,THE PEOPLE'S REMEDY,Active,10/23/2018,Limited Liability Company,2093455360,Modesto,37.6371,-121.003
A10-18-0000308-TEMP,Adult-Use Medicinal,"Jayden's Journey Cooperative, Inc",,Active,10/12/2018,Corporation,2096048317,Modesto,37.6371,-121.003
A10-18-0000272-TEMP,Adult-Use Medicinal,"Pacafi Cooperative, inc.",Patient Care First,Active,9/20/2018,Corporation,2095540802,Modesto,37.6371,-121.003
A10-18-0000231-TEMP,Adult-Use Medicinal,Canna Corn Collective,Medallion Wellness,Active,9/4/2018,Corporation,2092487472,Modesto,37.6371,-121.003
A10-18-0000162-TEMP,Adult-Use,"JDI FARMS, INC.",Empire Health and Wellness,Active,8/16/2018,Corporation,2092168966,Modesto,37.6371,-121.003
M10-18-0000197-TEMP,Medicinal,JDI Farms,Empire Health and Welness,Active,8/15/2018,Corporation,2092168966,Modesto,37.6371,-121.003
A10-18-0000101-TEMP,Adult-Use Medicinal,"PACAFI COOPERATIVE, INC.",Flavors,Active,10/28/2018,Corporation,2095540801,Riverbank,37.7269,-120.9406
M10-18-0000241-TEMP,Adult-Use Medicinal,"Med Thrive Cooperative, Inc.",MediThrive,Active,11/26/2018,Corporation,4157602264,San Francisco,37.7561,-122.4429
A10-18-0000181-TEMP,Adult-Use Medicinal,"DPC SF, LLC",Dutchman's Flat,Active,11/22/2018,Limited Liability Company,4152036277,San Francisco,37.7561,-122.4429
A10-18-0000170-TEMP,Adult-Use Medicinal,Bay Area Safe Alternatives Collective Inc,Basa Inc,Active,11/19/2018,Corporation,4157972286,San Francisco,37.7561,-122.4429
A10-18-0000168-TEMP,Adult-Use Medicinal,"MSTMA, INC.",Cookies SF,Active,11/15/2018,Corporation,4157695001,San Francisco,37.7561,-122.4429
A10-18-0000155-TEMP,Adult-Use Medicinal,Seventy Second Street,Flower Power SF,Active,11/12/2018,Corporation,5103681262,San Francisco,37.7561,-122.4429
A10-18-0000154-TEMP,Adult-Use Medicinal,710 SF Inc.,Pure 710SF,Active,11/10/2018,Corporation,4156545275,San Francisco,37.7561,-122.4429
A10-18-0000142-TEMP,Adult-Use Medicinal,MIPARC,SPARC,Active,11/7/2018,Corporation,7073871517,San Francisco,37.7561,-122.4429
A10-18-0000139-TEMP,Adult-Use Medicinal,Purple Star MD Collective,Purple Star MD,Active,11/7/2018,Corporation,4153148157,San Francisco,37.7561,-122.4429
A10-18-0000141-TEMP,Adult-Use Medicinal,San Francisco Foundation on Going Green,Medical Cannabis Dispensary,Active,11/7/2018,Corporation,4158964271,San Francisco,37.7561,-122.4429
A10-18-0000140-TEMP,Adult-Use,"BCSF, Inc.",,Active,11/7/2018,Corporation,4152434400,San Francisco,37.7561,-122.4429
A10-18-0000143-TEMP,Adult-Use Medicinal,"Good Living Mgmt II, Inc.",Harvest off Mission,Active,11/7/2018,Corporation,4156408250,San Francisco,37.7561,-122.4429
A10-18-0000132-TEMP,Adult-Use Medicinal,"Howard Street Partners, LLC",The Apothecarium,Active,11/6/2018,Limited Liability Company,4157469001,San Francisco,37.7561,-122.4429
A10-18-0000137-TEMP,Adult-Use Medicinal,"DEEP THOUGHT, LLC",The Apothecarium,Active,11/6/2018,Limited Liability Company,4159283300,San Francisco,37.7561,-122.4429
A10-18-0000128-TEMP,Adult-Use Medicinal,"Shambahla Healing Center, Inc.",Mission Cannabis Club,Active,11/4/2018,Corporation,4155098664,San Francisco,37.7561,-122.4429
A10-18-0000325-TEMP,Adult-Use Medicinal,Bay Pacific Networks,SPARC,Active,11/2/2018,Corporation,7073871517,San Francisco,37.7561,-122.4429
A10-18-0000123-TEMP,Adult-Use Medicinal,JAZDALE INVESTMENTS LLC,Releaf Herbal Cooperative,Active,11/1/2018,Limited Liability Company,4157161027,San Francisco,37.7561,-122.4429
A10-18-0000121-TEMP,Adult-Use Medicinal,"Harvest on Geary, Inc.",,Active,11/1/2018,Corporation,4156408250,San Francisco,37.7561,-122.4429
A10-18-0000122-TEMP,Adult-Use Medicinal,"RHMT, LLC",The Apothecarium,Active,11/1/2018,Limited Liability Company,4157469001,San Francisco,37.7561,-122.4429
A10-18-0000124-TEMP,Adult-Use Medicinal,"Bay Area Green Cross Dispensary, Inc.",The Green Cross,Active,11/1/2018,Corporation,4158467671,San Francisco,37.7561,-122.4429
A10-18-0000120-TEMP,Adult-Use Medicinal,Community Roots United,Grass Roots,Active,11/1/2018,Corporation,4158270650,San Francisco,37.7561,-122.4429
M10-17-0000015-TEMP,Adult-Use Medicinal,"MISSION ORGANIC CENTER, INC.",MISSION ORGANIC CENTER,Active,10/28/2018,Corporation,3102108791,San Francisco,37.7561,-122.4429
M10-18-0000150-TEMP,Medicinal,"BCSF, Inc.",Barbary Coast,Active,10/28/2018,Corporation,4157930831,San Francisco,37.7561,-122.4429
C10-18-0000011-TEMP,Adult-Use Medicinal,Ketama Cooperative,Non profit,Active,10/24/2018,Corporation,4158612451,San Francisco,37.7561,-122.4429
M10-18-0000354-TEMP,Medicinal,Ketama Cooperative,,Active,10/15/2018,Corporation,4158612451,San Francisco,37.7561,-122.4429
A10-18-0000306-TEMP,Adult-Use Medicinal,Jessie Street Collective LLC,Bloom Room,Active,10/11/2018,Limited Liability Company,4155437666,San Francisco,37.7561,-122.4429
M10-18-0000332-TEMP,Medicinal,"CSBB, INC.",2 One 2 California,Active,10/4/2018,Corporation,4153730555,San Francisco,37.7561,-122.4429
M10-18-0000413-TEMP,Adult-Use Medicinal,BCOK INC,La Corona Wellness,Active,9/14/2018,Corporation,7088332088,San Francisco,37.7561,-122.4429
A10-18-0000259-TEMP,Adult-Use Medicinal,MISSION HERBAL CARE INC,THE COOKIE COMPANY,Active,9/12/2018,Corporation,3233099090,San Francisco,37.7561,-122.4429
A10-18-0000229-TEMP,Adult-Use Medicinal,"Compassionate Care Patients Collective, Inc",The Green Door,Active,9/4/2018,Corporation,5109318180,San Francisco,37.7561,-122.4429
A10-18-0000234-TEMP,Adult-Use Medicinal,Urban Flowers,Urban Pharm,Active,9/4/2018,Corporation,9168335343,San Francisco,37.7561,-122.4429
A10-18-0000210-TEMP,Adult-Use Medicinal,"Elevated Systems, Inc.",Elevated San Francisco,Active,8/31/2018,Corporation,4158255123,San Francisco,37.7561,-122.4429
A10-18-0000330-TEMP,Adult-Use Medicinal,"Waterfall Wellness Cooperative, Inc.",Waterfall Wellness,Active,8/15/2018,Corporation,4156367851,San Francisco,37.7561,-122.4429
C10-18-0000019-TEMP,Adult-Use Medicinal,MMC MANAGEMENT SERVICES LLC,THE PEOPLE'S REMEDY,Active,11/13/2018,Limited Liability Company,2093455360,Oakdale,37.762,-120.8463
A10-18-0000353-TEMP,Adult-Use Medicinal,"Cali Kosher, Inc","Empire Health and Wellness
- Oakdale",Active,8/31/2018,Corporation,2092168966,Oakdale,37.762,-120.8463
A10-18-0000335-TEMP,Adult-Use Medicinal,Black Oak Gallery,Blum,Active,11/20/2018,Corporation,7074776790,Oakland,37.7903,-122.2165
A10-18-0000161-TEMP,Adult-Use,OCP,,Active,11/14/2018,Sole Proprietorship,4152057450,Oakland,37.7903,-122.2165
A10-17-0000041-TEMP,Adult-Use Medicinal,Patients Mutual Assistance Collective Corporation,Harborside,Active,10/28/2018,Corporation,5103442933,Oakland,37.7903,-122.2165
A10-17-0000010-TEMP,Adult-Use Medicinal,Purple Heart Patient Center,Purple Heart,Active,10/28/2018,Corporation,5106257877,Oakland,37.7903,-122.2165
M10-18-0000414-TEMP,Medicinal,Kanna inc.,,Active,9/18/2018,Corporation,9257052129,Oakland,37.7903,-122.2165
M10-18-0000177-TEMP,Medicinal,Oakland Community Partners,,Active,8/8/2018,Sole Proprietorship,4152057450,Oakland,37.7903,-122.2165
A10-18-0000368-TEMP,Adult-Use Medicinal,East Bay Therapeutics,,Active,10/5/2018,Corporation,9167574892,Emeryville,37.8382,-122.2932
C10-18-0000027-TEMP,Adult-Use Medicinal,"Rishon, LLC",Cannabis Buyers Club of Berkeley,Active,11/28/2018,Limited Liability Company,3233266347,Berkeley,37.8723,-122.276
M10-18-0000169-TEMP,Adult-Use Medicinal,Team Handed Corporation,Patients Care Collective,Active,11/1/2018,Corporation,5105407878,Berkeley,37.8723,-122.276
A10-17-0000005-TEMP,Adult-Use Medicinal,"Berkeley Patients Group, Inc",,Active,10/28/2018,Corporation,5105406013,Berkeley,37.8723,-122.276
A10-17-0000075-TEMP,Adult-Use Medicinal,The Richmond Patient's Group,Green Remedy,Active,10/28/2018,Corporation,4153284102,Richmond,37.9477,-122.339
A10-18-0000347-TEMP,Adult-Use Medicinal,Holistic Healing Collective,,Active,8/29/2018,Corporation,5102753365,Richmond,37.9477,-122.339
A10-18-0000345-TEMP,Adult-Use Medicinal,7 Stars Holistic Foundation,7 Stars Holistic Healing Center,Active,8/29/2018,Corporation,5105277827,Richmond,37.9477,-122.339
M10-18-0000301-TEMP,Medicinal,M E DELIVERY,,Active,9/10/2018,Sole Proprietorship,5106583269,El Sobrante,37.9723,-122.2959
C10-18-0000015-TEMP,Medicinal,"Stockton Partners, Inc.",Zen Garden Wellness,Active,11/2/2018,Corporation,2098006452,Stockton,37.9766,-121.3111
M10-18-0000166-TEMP,Medicinal,Stockton Business Strategies,Connected Stockton,Active,11/1/2018,Corporation,2099370193,Stockton,37.9766,-121.3111
M10-18-0000185-TEMP,Medicinal,PORT CITY ALTERNATIVE,,Active,8/10/2018,Corporation,9162174053,Stockton,37.9766,-121.3111
M10-18-0000378-TEMP,Medicinal,Marin Alliance for Medical Marijuana,Marin Alliance for Medical Marijuana,Active,8/9/2018,Sole Proprietorship,4152957633,Fairfax,37.9884,-122.595
M10-18-0000201-TEMP,Adult-Use Medicinal,V.H.H.C. LLC,,Active,11/14/2018,Limited Liability Company,4152980948,Vallejo,38.1134,-122.2359
M10-18-0000175-TEMP,Adult-Use Medicinal,Highway 29 Healthcare,,Active,11/5/2018,Corporation,7076458303,Vallejo,38.1134,-122.2359
M10-18-0000172-TEMP,Adult-Use Medicinal,HTP GROUP,,Active,11/1/2018,Corporation,7074842465,Vallejo,38.1134,-122.2359
M10-17-0000108-TEMP,Adult-Use Medicinal,Life Enhancement Services,,Active,10/28/2018,Corporation,7076548842,Vallejo,38.1134,-122.2359
A10-18-0000320-TEMP,Adult-Use Medicinal,California Collective Care,,Active,10/26/2018,Corporation,7077041960,Vallejo,38.1134,-122.2359
A10-18-0000296-TEMP,Adult-Use Medicinal,US BLOOM COLLECTIVE,US Bloom Collective,Active,10/5/2018,Corporation,7075610716,Vallejo,38.1134,-122.2359
A10-18-0000288-TEMP,Adult-Use Medicinal,Home Grown Holistic Collective Inc,,Active,9/28/2018,Limited Liability Company,7077212212,Vallejo,38.1134,-122.2359
A10-18-0000287-TEMP,Adult-Use Medicinal,better health group,better health group,Active,9/28/2018,Corporation,7075018259,Vallejo,38.1134,-122.2359
A10-18-0000283-TEMP,Adult-Use Medicinal,ENHANCED ENERGIES,Vallejo Relief Center,Active,9/27/2018,Corporation,7185103004,Vallejo,38.1134,-122.2359
A10-18-0000286-TEMP,Adult-Use Medicinal,Monterey County Patients Group,MCPG 3PG Happy Herbs,Active,9/27/2018,Corporation,7075671790,Vallejo,38.1134,-122.2359
M10-18-0000206-TEMP,Adult-Use Medicinal,releaf Alternative Cooperative Inc,reLeaf,Active,8/17/2018,Corporation,9167302196,Vallejo,38.1134,-122.2359
M10-18-0000208-TEMP,Medicinal,"Green Gold Cultivators, Inc.",Green Gold Cultivators,Active,8/17/2018,Corporation,2096748008,San Andreas,38.1912,-120.6763
M10-18-0000237-TEMP,Medicinal,"CALAVERAS NATURALS, INC.",Calaveras Little Trees,Active,11/25/2018,Corporation,2098903647,Arnold,38.2423,-120.3546
A10-17-0000052-TEMP,Adult-Use Medicinal,Mercy Wellness,Mercy Wellness,Active,10/28/2018,Corporation,7077951600,Cotati,38.3278,-122.7092
A10-17-0000074-TEMP,Adult-Use Medicinal,Responsible Patient Care,SPARC,Active,10/28/2018,Corporation,7073871517,Sebastopol,38.4001,-122.8277
A10-17-0000042-TEMP,Adult-Use Medicinal,Gravenstein 116 LLC,Solful,Active,10/28/2018,Limited Liability Company,4157943363,Sebastopol,38.4001,-122.8277
A10-18-0000177-TEMP,Adult-Use Medicinal,"Sonoma Patient Group, Inc.",,Active,11/20/2018,Corporation,7075262800,Santa Rosa,38.4465,-122.7059
M10-18-0000159-TEMP,Medicinal,"Organic Cannabis Foundation, LLC",Organicann,Active,10/31/2018,Limited Liability Company,7075888811,Santa Rosa,38.4465,-122.7059
M10-18-0000289-TEMP,Medicinal,"SMH Resources, Inc.",Sonoma Medicinal Herbs Patient to Patient Collective,Active,9/6/2018,Corporation,7075951823,Santa Rosa,38.4465,-122.7059
A10-18-0000186-TEMP,Adult-Use Medicinal,Alternatives a Health Collective,Alternatives a Health Collective,Active,8/27/2018,Corporation,4152508888,Santa Rosa,38.4465,-122.7059
A10-18-0000178-TEMP,Adult-Use Medicinal,Responsible Patient Care,SPARC,Active,8/22/2018,Corporation,7073871517,Santa Rosa,38.4465,-122.7059
A10-18-0000333-TEMP,Adult-Use Medicinal,"M.E.H.C., INCORPORATED",DIXON WELLNESS,Active,8/22/2018,Corporation,9166789282,Dixon,38.4466,-121.825
M10-18-0000224-TEMP,Medicinal,"Riverside Wellness, Inc",,Active,11/20/2018,Corporation,7078698008,Guerneville,38.5137,-122.9894
C10-18-0000026-TEMP,Adult-Use Medicinal,Davis Cannabis Collective,Davis Cannabis Collective (DCC),Active,11/28/2018,Corporation,9162304466,Davis,38.5552,-121.7365
C10-18-0000020-TEMP,Adult-Use Medicinal,"DAVISVILLE BUSINESS ENTERPRISES, INC.",F Street Dispensary,Active,11/17/2018,Corporation,5305743147,Davis,38.5552,-121.7365
A10-18-0000216-TEMP,Adult-Use Medicinal,"Safe Capitol Compassion Cooperative, Inc.",,Active,11/29/2018,Limited Liability Company,9162543287,Sacramento,38.5666,-121.4683
A10-18-0000343-TEMP,Adult-Use Medicinal,A.T.A.C.H.S. Inc.,A Therapeutic Alternative,Active,11/24/2018,Corporation,9168224717,Sacramento,38.5666,-121.4683
M10-18-0000203-TEMP,Adult-Use Medicinal,Sharp Source,THC,Active,11/14/2018,Corporation,9164764431,Sacramento,38.5666,-121.4683
A10-18-0000163-TEMP,Adult-Use Medicinal,"Doc's Cooperative, Inc.",Doctor's Orders,Active,11/14/2018,Corporation,9165642112,Sacramento,38.5666,-121.4683
A10-18-0000148-TEMP,Adult-Use Medicinal,Mama N Pops Inc,515 Broadway,Active,11/8/2018,Corporation,9168656474,Sacramento,38.5666,-121.4683
A10-18-0000149-TEMP,Adult-Use,Septem Coma Inc.,South Sacramento Care Center,Active,11/8/2018,Corporation,9163931820,Sacramento,38.5666,-121.4683
A10-18-0000150-TEMP,Adult-Use Medicinal,"Perchta, Inc. A California Mutual Benefit Corp.",House of Organics,Active,11/8/2018,Corporation,9163813769,Sacramento,38.5666,-121.4683
A10-18-0000144-TEMP,Adult-Use,Metro Health Systems,Green Door Metro,Active,11/7/2018,Corporation,5108121600,Sacramento,38.5666,-121.4683
A10-18-0000134-TEMP,Adult-Use Medicinal,Safe Accessible Solutions,,Active,11/6/2018,Corporation,9163869840,Sacramento,38.5666,-121.4683
A10-18-0000130-TEMP,Adult-Use Medicinal,CC101,,Active,11/5/2018,Corporation,9163876233,Sacramento,38.5666,-121.4683
A10-18-0000129-TEMP,Adult-Use Medicinal,Hugs Alternative Care,,Active,11/5/2018,Corporation,9167084095,Sacramento,38.5666,-121.4683
A10-18-0000127-TEMP,Adult-Use Medicinal,"C9 Alliance Cooperative, Inc.",Cloud 9,Active,11/4/2018,Corporation,9163878605,Sacramento,38.5666,-121.4683
M10-18-0000163-TEMP,Adult-Use Medicinal,California Naturopathic Agricultural Association #7,Alpine Alternative,Active,11/1/2018,Corporation,9162174053,Sacramento,38.5666,-121.4683
A10-18-0000118-TEMP,Adult-Use Medicinal,Sacramento Commercial Services,Florin Wellness Center,Active,11/1/2018,Corporation,9167060563,Sacramento,38.5666,-121.4683
A10-17-0000093-TEMP,Adult-Use Medicinal,"Valley Health Options Collective, Inc.",,Active,10/28/2018,Corporation,9165243194,Sacramento,38.5666,-121.4683
A10-17-0000095-TEMP,Adult-Use Medicinal,ALTERNATIVE MEDICAL CENTER,AMC,Active,10/28/2018,Corporation,9165641100,Sacramento,38.5666,-121.4683
A10-17-0000094-TEMP,Adult-Use Medicinal,GOLDEN HEALTH & WELLNESS,,Active,10/28/2018,Corporation,9166466340,Sacramento,38.5666,-121.4683
M10-17-0000139-TEMP,Adult-Use Medicinal,"G.S.H.L.E., Inc.",Green Solutions,Active,10/28/2018,Corporation,9166000583,Sacramento,38.5666,-121.4683
M10-17-0000131-TEMP,Adult-Use Medicinal,Community Health Solutions,,Active,10/28/2018,Corporation,9167127263,Sacramento,38.5666,-121.4683
M10-17-0000135-TEMP,Adult-Use Medicinal,Roseville Gold,Two Rivers Wellness,Active,10/28/2018,Corporation,9166000583,Sacramento,38.5666,-121.4683
A10-17-0000092-TEMP,Adult-Use Medicinal,Sacramento Community Cannabis Collective,Connected Sacramento,Active,10/28/2018,Corporation,9164751857,Sacramento,38.5666,-121.4683
A10-17-0000080-TEMP,Adult-Use Medicinal,"Migliore, LLC",Abatin Wellness Center,Active,10/28/2018,Limited Liability Company,3107410888,Sacramento,38.5666,-121.4683
A10-17-0000066-TEMP,Adult-Use Medicinal,"PDEE, INC",All About Wellness,Active,10/28/2018,Corporation,9164544327,Sacramento,38.5666,-121.4683
A10-17-0000091-TEMP,Adult-Use Medicinal,River City Phoenix,,Active,10/28/2018,Corporation,9167084095,Sacramento,38.5666,-121.4683
A10-18-0000317-TEMP,Adult-Use Medicinal,Horizon Nonprofit Collective,,Active,10/23/2018,Corporation,9168708067,Sacramento,38.5666,-121.4683
A10-18-0000254-TEMP,Adult-Use Medicinal,DELTA HEALTH & WELLNESS,,Active,9/7/2018,Corporation,9162319934,Sacramento,38.5666,-121.4683
A10-18-0000147-TEMP,Adult-Use Medicinal,"P.S.A.C., Inc.",Zen Garden Wellness,Active,8/10/2018,Corporation,4158904480,Sacramento,38.5666,-121.4683
M10-18-0000333-TEMP,Medicinal,Highlands Health and Wellness Collective,Highlands Health and Wellness,Active,10/5/2018,Corporation,9162137035,Shingle Springs,38.6666,-120.937
M10-18-0000302-TEMP,Medicinal,All Natural Inc.,medical marijuana dispensary,Active,9/12/2018,Corporation,5306764032,Shingle Springs,38.6666,-120.937
M10-18-0000207-TEMP,Medicinal,River City Wellness Pain Management,foothill health and wellness,Active,8/17/2018,Corporation,5306764532,Shingle Springs,38.6666,-120.937
C10-18-0000025-TEMP,Medicinal,Medical Marijuana Caregivers Association,MMCA,Active,11/24/2018,,5306775362,Cameron Park,38.6733,-120.9871
A10-18-0000192-TEMP,Adult-Use Medicinal,"HT, Inc",High Tides,Active,11/26/2018,Corporation,7078841882,Gualala,38.7657,-123.5281
A10-18-0000323-TEMP,Adult-Use Medicinal,Green Spirit Mendocino LLC,,Active,10/29/2018,Limited Liability Company,2148088649,Point Arena,38.9123,-123.6956
A10-18-0000136-TEMP,Adult-Use Medicinal,"HERBAL COOPERATIVE, INC.",Lakeside Herbal Solutions,Active,11/6/2018,Corporation,7079943721,Clearlake,38.959,-122.6331
A10-18-0000361-TEMP,Adult-Use Medicinal,Ycniuq Inc,Triple C Collective,Active,9/14/2018,Corporation,7077014160,Clearlake,38.959,-122.6331
A10-18-0000191-TEMP,Adult-Use,"D & M COMPASSION CENTER, LLC",D & M COMPASSION CENTER,Active,8/28/2018,Limited Liability Company,7075305681,Clearlake,38.959,-122.6331
A10-17-0000048-TEMP,Adult-Use Medicinal,Emerald Pharms,,Active,10/28/2018,Corporation,9164200173,Hopland,38.9691,-123.1173
M10-17-0000110-TEMP,Medicinal,Golden State Patient Care,,Active,10/28/2018,Sole Proprietorship,5302634921,Colfax,39.0938,-120.9533
A10-17-0000033-TEMP,Adult-Use Medicinal,REVOLUTION EMPORIUM,retail cannabis dispensary,Active,10/28/2018,General Partnership,744840248,Ukiah,39.1461,-123.2101
C10-18-0000008-TEMP,Medicinal,"Ukiah Valley Holistics, Inc",Cannavine,Active,10/19/2018,Corporation,7075991831,Ukiah,39.1461,-123.2101
A10-18-0000334-TEMP,Adult-Use Medicinal,Honeydew Solutions corp,,Active,8/22/2018,Corporation,7075018258,Ukiah,39.1461,-123.2101
A10-18-0000145-TEMP,Adult-Use Medicinal,Compassionate Heart Mutual Benefit Association,,Active,8/10/2018,Sole Proprietorship,7074625100,Ukiah,39.1461,-123.2101
M10-18-0000326-TEMP,Medicinal,"ELEVATION 2477, LLC",,Active,9/28/2018,Limited Liability Company,5303201193,Nevada City,39.2608,-121.0231
A10-18-0000157-TEMP,Adult-Use Medicinal,"The Leonard Moore Cooperative, Inc.",,Active,11/13/2018,Corporation,7079374562,Mendocino,39.311,-123.7908
A10-17-0000058-TEMP,Adult-Use Medicinal,"Love In It Cooperative, Inc",,Active,10/28/2018,Corporation,7079373123,Mendocino,39.311,-123.7908
A10-18-0000209-TEMP,Adult-Use Medicinal,Sunshine Holistic,Sovereign,Active,11/29/2018,Corporation,7072231129,Fort Bragg,39.4416,-123.8033
A10-18-0000146-TEMP,Adult-Use Medicinal,North Coast Wellbeing INC,Dragonfly Wellness Center,Active,8/10/2018,Corporation,4155172833,Fort Bragg,39.4416,-123.8033
M10-18-0000171-TEMP,Adult-Use Medicinal,HERITAGE HOLDING OF CALIFORNIA INC,Artifact,Active,11/1/2018,Corporation,7078416023,Laytonville,39.6715,-123.4945
A10-18-0000169-TEMP,Adult-Use,1L Tree Lounge LLC,,Active,8/20/2018,Limited Liability Company,4153024688,Garberville,40.1003,-123.7948
A10-17-0000037-TEMP,Adult-Use Medicinal,"Tim and Mike Enterprises, LLC",The Queen of Dragons,Active,10/28/2018,Limited Liability Company,5302769771,Shasta Lake,40.679,-122.3775
A10-17-0000065-TEMP,Adult-Use Medicinal,Leave it to Nature,Leave it to Nature,Active,10/28/2018,Corporation,5302279298,Shasta Lake,40.679,-122.3775
A10-17-0000004-TEMP,Adult-Use Medicinal,530 COLLECTIVE,530 CANNABIS,Active,10/28/2018,Corporation,5309490501,Shasta Lake,40.679,-122.3775
C10-18-0000023-TEMP,Adult-Use Medicinal,"ECOCANN, INC","ECOCANN, INC",Active,11/20/2018,,7075720850,Eureka,40.7941,-124.1568
A10-18-0000138-TEMP,Adult-Use Medicinal,My Golden Green Inc.,The Humboldt County Collective,Active,11/6/2018,Corporation,7074422420,Eureka,40.7941,-124.1568
A10-18-0000367-TEMP,Adult-Use Medicinal,CannaBoutique Dispensary LLC,Two One Five Dispensary,Active,10/4/2018,Limited Liability Company,3233849977,Eureka,40.7941,-124.1568
A10-18-0000263-TEMP,Adult-Use Medicinal,"SWCO, inc",Satori Wellness,Active,9/12/2018,Corporation,7074996202,Mckinleyville,40.9488,-124.0857
A10-17-0000024-TEMP,Adult-Use,Mt Shasta Patients Collective,,Active,10/28/2018,Corporation,5309266337,Mount Shasta,41.3206,-122.315
A10-17-0000076-TEMP,Adult-Use Medicinal,The Green Heart Collective. org,The Green Heart,Active,10/28/2018,Corporation,5309410291,Mount Shasta,41.3206,-122.315
A10-18-0000360-TEMP,Adult-Use Medicinal,"Accensus Group, LLC",Canna Trading Company,Active,9/13/2018,Limited Liability Company,4152751925,Weed,41.4127,-122.3815
A10-18-0000350-TEMP,Adult-Use Medicinal,La Florista,,Active,8/30/2018,Corporation,5309256482,Weed,41.4127,-122.3815
A10-18-0000307-TEMP,Adult-Use Medicinal,Robertson Caregivers Beverlywood,,Active,10/12/2018,Corporation,6268383321,Arleta,34.2505,-118.4338
M10-18-0000398-TEMP,Medicinal,"Central Coast Wellness, LLC",Central Coast Wellness Center,Active,8/29/2018,Limited Liability Company,5596901898,Ben Lomod,37.0891,-122.0864
A10-18-0000321-TEMP,Adult-Use Medicinal,"Divine Wellness Center, Inc.",,Active,10/26/2018,Corporation,8188884846,Canoga Park,34.2083,-118.6059
A10-18-0000200-TEMP,Adult-Use Medicinal,"CALIFORNIA'S FINEST COMPASSIONATE COOPERATIVE, INC.",COAST TO COAST AND 3C MEDICAL,Active,8/30/2018,Corporation,8187120535,Canoga Park,34.2083,-118.6059
A10-17-0000081-TEMP,Adult-Use Medicinal,BSCB Enterprises LLC,Big Sur Cannabotanicals,Active,10/28/2018,Limited Liability Company,8312507756,Carmel,36.5552,-121.9233
A10-18-0000366-TEMP,Adult-Use Medicinal,WE CARE CAT CITY,,Active,10/2/2018,Corporation,2483186481,Cathedral Cty,33.7805,-116.4668
C10-18-0000024-TEMP,Adult-Use Medicinal,HYPERION HEALING,,Active,11/24/2018,Corporation,3108934856,Chatsworth,34.2506,-118.6148
C10-18-0000006-TEMP,Adult-Use Medicinal,"Superior Herbal Health, LLC",,Active,10/19/2018,Limited Liability Company,3108013959,Chatsworth,34.2506,-118.6148
A10-18-0000280-TEMP,Adult-Use Medicinal,Universal Herbal Center LLC,The Marijuana Factory,Active,9/25/2018,Limited Liability Company,3108673853,Chatsworth,34.2506,-118.6148
M10-18-0000193-TEMP,Medicinal,Bynate Cooperative Corporation,,Active,11/8/2018,Corporation,2095857699,Crowslanding,37.3937,-121.0721
M10-18-0000416-TEMP,Adult-Use Medicinal,SO CAL MM PATIENTS ASSOCIATION,All About Bud,Active,9/28/2018,Corporation,7606716466,Dsrt Hot Spgs,33.9611,-116.5017
A10-18-0000328-TEMP,Adult-Use Medicinal,CV Wellness,IVTHC,Active,8/9/2018,Corporation,7609890866,Dsrt Hot Spgs,33.9611,-116.5017
A10-18-0000175-TEMP,Adult-Use Medicinal,"Welcome The Healing Touch, Inc.",,Active,8/22/2018,Corporation,8188811462,Encino,34.1517,-118.5214
M10-17-0000132-TEMP,Medicinal,"ASG NORTH BAY, INC.",Redwood Herbal Alliance,Active,10/28/2018,Corporation,7075283632,Larkfield- Wikiup,38.5145,-122.7577
M10-18-0000293-TEMP,Adult-Use Medicinal,"Gourmet Green Room, Inc.",GGR,Active,9/7/2018,Corporation,6023125232,Los Angles,34.0522,-118.2437
C10-18-0000002-TEMP,Adult-Use Medicinal,"K.U.S.H. Alley Collective, Inc.",,Active,10/9/2018,Corporation,8188109642,North Hills,34.2358,-118.4849
A10-18-0000174-TEMP,Adult-Use Medicinal,"DOWNTOWN COLLECTIVE, INC.",ZEN NOHO,Active,11/20/2018,Corporation,8184873737,North Hollywood,34.187,-118.3813
A10-18-0000297-TEMP,Adult-Use Medicinal,"Sunset Herbal Corner, Inc.",,Active,10/8/2018,Corporation,3234592227,North Hollywood,34.187,-118.3813
A10-18-0000277-TEMP,Adult-Use Medicinal,"NORTH HOLLYWOOD COMPASSIONATE CAREGIVERS, INC.",,Active,9/21/2018,Corporation,8183999715,North Hollywood,34.187,-118.3813
A10-18-0000268-TEMP,Adult-Use Medicinal,Smart Collective Corporation,Smart Collective Inc,Active,9/14/2018,Corporation,8187266667,North Hollywood,34.187,-118.3813
A10-18-0000257-TEMP,Adult-Use Medicinal,"Resource Referral Services, Inc.",GVC,Active,9/7/2018,Corporation,7143506354,North Hollywood,34.187,-118.3813
M10-18-0000299-TEMP,Adult-Use Medicinal,"Cantodiem Dispensing Collective, Inc.",,Active,9/7/2018,Corporation,8188211209,North Hollywood,34.187,-118.3813
A10-18-0000213-TEMP,Adult-Use Medicinal,"California Compassionate Care Network, Inc.",,Active,8/31/2018,Corporation,8189806337,North Hollywood,34.187,-118.3813
A10-17-0000030-TEMP,Adult-Use Medicinal,Desert Organic Solutions Collective,,Active,10/28/2018,Corporation,7602884000,North Palm Springs,33.8303,-116.5453
A10-18-0000260-TEMP,Adult-Use Medicinal,Circle of Hope Alliance,,Active,9/12/2018,Corporation,8188106074,Northridge,34.2381,-118.5301
A10-18-0000222-TEMP,Adult-Use Medicinal,Compassionate Patient Resources,CPR,Active,9/3/2018,Corporation,8189964277,Northridge,34.2381,-118.5301
A10-18-0000298-TEMP,Adult-Use Medicinal,Nile Cooperative Corporation,Green City Collective / Nile Collective,Active,10/8/2018,Corporation,3104290380,Playa Del Rey,33.9564,-118.4422
A10-18-0000295-TEMP,Adult-Use Medicinal,"Mission Hills Patient Collective, INC",Mission Hills Patient Collective,Active,10/4/2018,Corporation,8187467313,Reseda,34.2011,-118.5361
A10-18-0000166-TEMP,Adult-Use Medicinal,THE HIGHER PATH PATIENTS' ASSOCIATION,THE HIGHER PATH,Active,8/17/2018,Corporation,8183851224,Sherman Oaks,34.149,-118.4514
A10-18-0000173-TEMP,Adult-Use Medicinal,"Perennial Holistic Wellness Center, Inc.",Perennial Holistic Wellness Center,Active,11/20/2018,Corporation,3107386100,Studio City,34.1396,-118.3871
A10-18-0000319-TEMP,Adult-Use Medicinal,DEC MEDICAL,CANNASUTRA,Active,10/25/2018,Corporation,8183928302,Studio City,34.1396,-118.3871
A10-18-0000221-TEMP,Adult-Use Medicinal,"The Wellness Earth Energy Dispensary, Inc.",,Active,9/3/2018,Corporation,7143506534,Studio City,34.1396,-118.3871
A10-18-0000172-TEMP,Adult-Use Medicinal,"Lizbor, Inc.",WHTC,Active,8/22/2018,Corporation,8182665144,Studio City,34.1396,-118.3871
A10-18-0000219-TEMP,Adult-Use Medicinal,"Boo Ku C.C., Inc.",Exhalence,Active,8/31/2018,Corporation,8183949094,Sun Valley,34.2279,-118.3813
A10-18-0000290-TEMP,Adult-Use Medicinal,San Fernando Valley Patients Cooperative,,Active,10/1/2018,Corporation,8182806868,Sylmar,34.3058,-118.4572
A10-18-0000249-TEMP,Adult-Use Medicinal,RDC COLLECTIVE CORP,,Active,9/7/2018,Corporation,8187570434,Tarzana,34.1495,-118.5506
M10-18-0000297-TEMP,Adult-Use Medicinal,Patients Corp,Foothill Wellness Center,Active,9/7/2018,Corporation,8183523388,Tujunga,34.2596,-118.3083
C10-18-0000016-TEMP,Adult-Use Medicinal,"ORGANIC CENTURY FARMACY, INC.",,Active,11/2/2018,Corporation,8188651700,Valley Vlg,34.1633,-118.3842
A10-18-0000196-TEMP,Adult-Use Medicinal,"The Green Earth Farmacie, Inc.",,Active,11/27/2018,Corporation,8189941945,Van Nuys,34.1899,-118.4514
A10-18-0000318-TEMP,Adult-Use Medicinal,"Vermont Herbal Center, Inc.",Airside Wellness,Active,10/24/2018,Corporation,2133215431,Van Nuys,34.1899,-118.4514
A10-18-0000310-TEMP,Adult-Use Medicinal,"VALLEY HERBAL CENTER, INC.",,Active,10/17/2018,Corporation,8187861100,Van Nuys,34.1899,-118.4514
A10-18-0000300-TEMP,Adult-Use Medicinal,"HERBAL REMEDIES CAREGIVERS, INC.",,Active,10/9/2018,Corporation,3108934856,Van Nuys,34.1899,-118.4514
A10-18-0000250-TEMP,Adult-Use Medicinal,"San Fernando Valley Medical Supply, Inc.",SFVDM,Active,9/7/2018,Corporation,8189089951,Van Nuys,34.1899,-118.4514
A10-18-0000358-TEMP,Adult-Use Medicinal,"Safe Harbor Patient's Collective, Inc.",,Active,9/7/2018,Corporation,8189020015,Van Nuys,34.1899,-118.4514
A10-18-0000217-TEMP,Adult-Use Medicinal,Kushism Inc.,,Active,8/31/2018,Corporation,8189943446,Van Nuys,34.1899,-118.4514
A10-18-0000204-TEMP,Adult-Use Medicinal,"Healthy Herbal Care, Inc.",HHC,Active,8/30/2018,Corporation,8184538085,Van Nuys,34.1899,-118.4514
A10-18-0000206-TEMP,Adult-Use Medicinal,"THE GREEN GODDESS, INC.",Green Goddess Collective,Active,11/28/2018,Corporation,3103967770,Venice,33.985,-118.4695
M10-18-0000421-TEMP,Adult-Use Medicinal,"Venice Caregiver Foundation, Inc.",MedMen Abbot Kinney,Active,10/6/2018,Corporation,3234862787,Venice,33.985,-118.4695
A10-18-0000276-TEMP,Adult-Use Medicinal,California Alternative Caregivers,CAC Venice LLC,Active,9/20/2018,Limited Liability Company,8772193809,Venice,33.985,-118.4695
A10-18-0000165-TEMP,Adult-Use Medicinal,THE COMPASSION NETWORK,MedMen Venice,Active,8/17/2018,Corporation,3234862787,Venice,33.985,-118.4695
C10-18-0000013-TEMP,Adult-Use Medicinal,"The Little Cottage Caregivers, LLC",Herbarium,Active,10/30/2018,Limited Liability Company,4246669868,W Hollywood,34.09,-118.3617
A10-18-0000190-TEMP,Adult-Use Medicinal,Delta 9 THC LLC,,Active,8/27/2018,Limited Liability Company,3104089621,Wilmington,33.7858,-118.2644
M10-18-0000211-TEMP,Medicinal,Mother Nature's Remedy,Mother Nature's Remedy,Active,11/15/2018,Corporation,8184322243,Woodland Hills,34.1654,-118.609
A10-18-0000322-TEMP,Adult-Use Medicinal,"Valley Collective Care, Inc.",,Active,10/29/2018,Corporation,8188651700,Woodland Hills,34.1654,-118.609
A10-18-0000299-TEMP,Adult-Use Medicinal,HUMBOLDT RELIEF LLC,HUMBOLDT RELIEF,Active,10/8/2018,Limited Liability Company,8183126964,Woodland Hills,34.1654,-118.609
A10-18-0000241-TEMP,Adult-Use Medicinal,AFTER CARE PATIENT'S GROUP,AFTER CARE & THE LOFT,Active,9/6/2018,Corporation,8188845638,Woodland Hills,34.1654,-118.609
